,충전소ID,충전기ID,기관아이디,상태갱신일시,최종충전시작,최종충전종료,충전중시작,실시간 상태(15분)
0,ME000028,01,ME,20220701185359,20220701181339,20220701185346,,2
1,ME000225,01,ME,20220701185635,20220701173821,20220701181725,20220701185528,3
2,ME000284,01,ME,20220701185432,20220701180426,20220701184432,,2
3,ME000347,01,ME,20220701185603,20220701185530,20220701185551,,2
4,ME000349,01,ME,20220701185309,20220701155612,20220701162031,,2
5,ME000360,01,ME,20220701185705,20220701181652,20220701184056,,2
6,ME174020,02,ME,20220701185502,20220701181234,20220701185314,20220701185501,3
7,ME174043,01,ME,20220701185631,20220701103814,20220701110043,,2
8,ME174044,01,ME,20220701185636,20220701165024,20220701173101,,2
9,ME174059,01,ME,20220701185307,20220701184902,20220701185307,,2
10,ME174074,01,ME,20220701185506,20220701102254,20220701105959,20220701185505,3
11,ME174105,01,ME,20220701185326,20220701181711,20220701183850,20220701185325,3
12,ME174113,01,ME,20220701185358,20220701180942,20220701185024,20220701185357,3
13,ME174142,01,ME,20220701185328,20220701181030,20220701185351,,2
14,ME178003,02,ME,20220701185550,20220701174804,20220701181147,,2
15,ME178004,01,ME,20220701185537,20220701172053,20220701175713,20220701185536,3
16,ME178007,01,ME,20220701185532,20220701172421,20220701180506,,2
17,ME178013,03,ME,20220701185405,20220701183544,20220701185405,,2
18,ME178026,01,ME,20220701185542,20220701181822,20220701185542,,2
19,ME178035,01,ME,20800606031022,20210826144033,20210826152638,,5
20,ME178036,01,ME,20220701185407,20220701173427,20220701181729,20220701185406,3
21,ME178038,01,ME,20220701185323,20220701174414,20220701182801,,3
22,ME178056,01,ME,20220701185359,20220701182632,20220701184918,20220701185358,3
23,ME178061,02,ME,20220701185504,20220701181458,20220701185503,,2
24,ME178065,02,ME,20220701185658,20220701173259,20220701181605,,3
25,ME178074,02,ME,20220701185455,20220701180709,20220701183538,20220701185454,3
26,ME178076,01,ME,20220701185629,20220701183737,20220701185629,,2
27,ME178097,01,ME,20220701185442,20220701183747,20220701185414,,2
28,ME178104,01,ME,20220701185436,20220701181419,20220701185434,,2
29,ME178111,01,ME,20220701185323,20220701180333,20220701184938,20220701185322,3
30,ME178119,01,ME,20220701185325,20220701180555,20220701183854,,3
31,ME178121,02,ME,20220701185633,20220701184953,20220701185632,,2
32,ME178129,02,ME,20220701185448,20220701183022,20220701185448,,2
33,ME178136,02,ME,20220701185413,20220701181636,20220701185134,20220701185412,3
34,ME178140,01,ME,20220701185556,20220701175620,20220701182945,20220701185556,3
35,ME178142,01,ME,20800925144207,20210805151802,20210805152907,,5
36,ME178145,02,ME,20220701185603,20220701181257,20220701185603,,2
37,ME181108,01,ME,20220701185531,20220701180517,20220701185018,,2
38,ME181124,01,ME,20220701185407,20220701161545,20220701165904,20220701185406,3
39,ME181223,01,ME,20220701185309,20220701181245,20220701185307,,2
40,ME181224,01,ME,20220701185508,20220701182930,20220701185507,,2
41,ME181433,01,ME,20220701185535,20220701182058,20220701185426,20220701185534,3
42,ME181504,01,ME,20220701185624,20220701145043,20220701153458,20220701185624,3
43,ME181536,01,ME,20220701185624,20220701181140,20220701185221,20220701185624,3
44,ME181546,01,ME,20220701185435,20220701093655,20220701094640,,2
45,ME183008,01,ME,20220701185512,20220701180100,20220701184402,20220701185511,3
46,ME183026,01,ME,20220701185318,20220701174104,20220701181417,20220701185317,3
47,ME183042,01,ME,20220701185443,20220701183402,20220701185442,,2
48,ME183053,01,ME,20220701185415,20220701175654,20220701180344,,2
49,ME183130,01,ME,20220701185628,20220701180831,20220701182958,20220701185627,3
50,ME183146,02,ME,20220701185659,20220630130924,20220630200412,20220701185657,3
51,ME183182,01,ME,20800927030732,20210826130041,20210826134352,,5
52,ME183183,02,ME,20220701185429,20220701123115,20220701130450,,2
53,ME183185,01,ME,20220701185410,20220701184810,20220701185409,,2
54,ME183185,02,ME,20220701185337,20220701133830,20220701135245,20220701185336,3
55,ME183187,02,ME,20800904145416,20210814161840,20210814164059,,5
56,ME183209,02,ME,20220701185634,20220701185002,20220701185605,20220701185633,3
57,ME183209,52,ME,20220701185607,20220701185353,20220701185605,,2
58,ME183214,01,ME,20220701185512,20220701175714,20220701181450,20220701185511,3
59,ME183214,52,ME,20220701185442,20220701175243,20220701181018,,2
60,ME184013,01,ME,20220701185320,20220701181019,20220701185244,,2
61,ME184023,01,ME,20220701185334,20220701180603,20220701184658,20220701185333,3
62,ME184068,01,ME,20220701185653,20220701181450,20220701185531,20220701185652,3
63,ME184124,01,ME,20220701185349,20220701145146,20220701153807,,2
64,ME184136,01,ME,20220701185352,20220701171421,20220701172206,20220701185352,3
65,ME188007,01,ME,20220701185601,20220701161931,20220701170606,20220701185600,3
66,ME188012,01,ME,20220701185535,20220701162359,20220701165649,,2
67,ME18A103,01,ME,20220701185649,20220701183918,20220701185648,,2
68,ME18A115,01,ME,20220701185612,20220701184200,20220701185611,,2
69,ME18A117,01,ME,20220701185325,20220701174934,20220701182934,20220701185324,3
70,ME18A129,01,ME,20220701185535,20220701170305,20220701174345,20220701185535,3
71,ME18A153,01,ME,20220701185654,20220701153907,20220701160337,,2
72,ME18A154,01,ME,20220701185435,20220701181340,20220701185400,20220701185434,3
73,ME18A189,01,ME,20220701185640,20220630205652,20220630211113,20220701185639,3
74,ME18A201,12,ME,20220701185442,20220701160635,20220701161851,20220701185441,3
75,ME18A236,12,ME,20220701185521,20220701164258,20220701172424,20220701185520,3
76,ME18A265,11,ME,20220701185415,20220701174905,20220701175301,20220701185414,3
77,ME18A290,01,ME,20220701185340,20220701165949,20220701173920,20220701185339,3
78,ME18A291,11,ME,20220701185523,20220701181649,20220701185522,,2
79,ME18A299,11,ME,20220701185603,20220701162158,20220701164233,20220701185602,3
80,ME18A312,01,ME,20220701185646,20220701181604,20220701185625,20220701185645,3
81,ME18B105,01,ME,20220701185439,20220701181132,20220701185438,,2
82,ME18B108,01,ME,20220701185456,20220701181900,20220701185249,20220701185454,3
83,ME18B121,01,ME,20220701185535,20220701182555,20220701185534,,2
84,ME18B125,01,ME,20220701185354,20220701150753,20220701155018,20220701185354,3
85,ME18B126,01,ME,20220701185356,20220701183129,20220701185354,,2
86,ME18B131,01,ME,20220701185456,20220701182850,20220701185455,,2
87,ME18B152,01,ME,20220701185543,20220701181236,20220701185542,,2
88,ME18B165,01,ME,20220701185534,20220701171124,20220701175133,20220701185534,3
89,ME18B169,01,ME,20220701185528,20220701132121,20220701133937,20220701185527,3
90,ME18B185,01,ME,20220701185413,20220701164218,20220701171554,,3
91,ME18B192,01,ME,20220701185702,20220701183712,20220701185701,,2
92,ME18B262,12,ME,20220701185645,20220701181947,20220701185643,,2
93,ME18B272,12,ME,20220701185437,20220701182107,20220701183647,20220701185436,3
94,ME18B283,12,ME,20220701185300,20220701184310,20220701185258,,2
95,ME18B303,11,ME,20220701185551,20220701182808,20220701185550,,2
96,ME18B304,12,ME,20220701185700,20220701175639,20220701183757,,2
97,ME18B305,12,ME,20220701185442,20220701185223,20220701185441,,2
98,ME18B408,01,ME,20220701185310,20220629110312,20220629113509,,9
99,ME18B408,04,ME,20220701185310,20220701014520,20220701021147,,9
100,ME18B409,02,ME,20220701185306,20220701181300,20220701185306,,2
101,ME18B602,11,ME,20800930110802,20210826135600,20210826135807,,4
102,ME18B602,12,ME,20800930110803,20210826155948,20210826164121,20210826164344,4
103,ME18B606,12,ME,20220701185656,20220701164927,20220701171258,,3
104,ME18C135,01,ME,20220701185509,20220701143804,20220701144424,,2
105,ME18C175,01,ME,20220701185613,20220701181606,20220701185611,,2
106,ME18C203,01,ME,20220701185655,20220701181557,20220701185613,20220701185654,3
107,ME18C224,11,ME,20220701185320,20220701183515,20220701185313,,2
108,ME18C229,12,ME,20220701185656,20220701183429,20220701185655,,2
109,ME18C251,11,ME,20220701185636,20220701181319,20220701185621,,2
110,ME18C253,11,ME,20220701185436,20220701142840,20220701151529,20220701185435,3
111,ME18C257,12,ME,20220701185607,20220701182212,20220701185606,,2
112,ME18C266,11,ME,20220701185446,20220701130057,20220701133105,20220701185445,3
113,ME18C277,11,ME,20220701185630,20220701151932,20220701155850,20220701185629,3
114,ME18C282,12,ME,20220701185339,20220701181304,20220701185337,,2
115,ME18C287,11,ME,20220701185602,20220701130408,20220701134709,,2
116,ME18C291,12,ME,20220701185543,20220701170059,20220701174401,20220701185542,3
117,ME18C405,14,ME,20220701185558,20220701133605,20220701135705,,2
118,ME18C408,02,ME,20220701185310,20220701171202,20220701175208,,9
119,ME190431,01,ME,20220701185606,20220701162300,20220701164206,20220701185605,3
120,ME190442,01,ME,20220701185452,20220701183416,20220701185451,,2
121,ME190446,01,ME,20220701185457,20220701180334,20220701181710,20220701185222,3
122,ME19A148,01,ME,20220701185403,20220701181525,20220701185403,,2
123,ME19A154,01,ME,20220701185623,20220701171650,20220701174805,,3
124,ME19A168,01,ME,20220701185332,20220701181434,20220701185332,,2
125,ME19A171,01,ME,20220701185325,20220701181927,20220701185325,,2
126,ME19A201,22,ME,20220701185310,20220628041755,20220628043257,,9
127,ME19A203,21,ME,20220701185310,20220628162801,20220628163141,,9
128,ME19A206,22,ME,20220701185310,20220620080257,20220620081714,,9
129,ME19A211,21,ME,20220701185310,20220628151030,20220628155136,,9
130,ME19A212,21,ME,20220701185310,20220630135838,20220630143844,,9
131,ME19A214,21,ME,20220701185310,20220627193118,20220627194309,,9
132,ME19A221,22,ME,20220701185420,20220701184251,20220701185440,,2
133,ME19A235,21,ME,20220701185310,20220701180756,20220701182246,,9
134,ME19A236,21,ME,20220701185310,20220628105355,20220628110906,,9
135,ME19A236,22,ME,20220701185310,20220701180155,20220701182257,,9
136,ME19A240,21,ME,20220701185310,20220627141532,20220627145538,,9
137,ME19A240,22,ME,20220701185310,20220627114031,20220627115150,,9
138,ME19A241,22,ME,20220701185330,20220701182217,20220701185330,,2
139,ME19A249,21,ME,20220701185310,20220630210347,20220630213156,,9
140,ME19A250,21,ME,20220701185310,20220629085459,20220629091705,,9
141,ME19A250,22,ME,20220701185310,20220628130036,20220628134041,,9
142,ME19A252,22,ME,20220701185310,20220623215656,20220623221427,,9
143,ME19A257,22,ME,20220701185310,20220701173351,20220701174127,20220701185310,3
144,ME19A259,21,ME,20220701185548,20220701172349,20220701180355,20220701185548,3
145,ME19A262,21,ME,20220701185407,20220701172450,20220701180103,20220701185407,3
146,ME19A263,21,ME,20220701185310,20220630092600,20220630100709,,9
147,ME19A273,21,ME,20220701185310,20220626190520,20220626192019,,9
148,ME19A275,22,ME,20220701185405,20220701170601,20220701174606,20220701185405,3
149,ME19A403,42,ME,20220701185519,20220701184722,20220701185224,20220701185519,3
150,ME19A404,24,ME,20220701185359,20220701122802,20220701130808,20220701185359,3
151,ME19A406,23,ME,20220701185308,20220701181501,20220701185308,,2
152,ME19A802,02,ME,20220701185556,20220701181842,20220701182211,,2
153,ME19B127,01,ME,20220701185301,20220701172620,20220701174830,20220701185300,3
154,ME19B137,01,ME,20220701185323,20220701150943,20220701152617,20220701185323,3
155,ME19B141,11,ME,20220701185324,20220701164108,20220701171338,20220701185322,3
156,ME19B141,12,ME,20220701185348,20220701184031,20220701185347,,2
157,ME19B202,21,ME,20220701185310,20220630215946,20220630222737,,9
158,ME19B207,22,ME,20220701185310,20220630101804,20220630105810,,9
159,ME19B208,21,ME,20220701185310,20220628150530,20220628154536,,9
160,ME19B209,21,ME,20220701185310,20220629172011,20220629172253,,9
161,ME19B215,21,ME,20220701185410,20220701184430,20220701185410,,2
162,ME19B217,21,ME,20220701185310,20220630210837,20220630214018,,9
163,ME19B222,21,ME,20220701185646,20220701182318,20220701185646,,2
164,ME19B223,21,ME,20220701185310,20220622164231,20220622172237,,9
165,ME19B226,22,ME,20220701185516,20220701122847,20220701130853,20220701185516,3
166,ME19B227,21,ME,20220701185310,20220629075245,20220629081129,,9
167,ME19B230,21,ME,20220701185310,20220627111025,20220627115031,,9
168,ME19B230,22,ME,20220701185310,20220626154620,20220626161242,,9
169,ME19B232,21,ME,20220701185310,20220625203603,20220625211609,,9
170,ME19B233,21,ME,20220701185310,20220630143409,20220630144720,,9
171,ME19B235,21,ME,20220701185310,20220628145806,20220628150039,,9
172,ME19B238,22,ME,20220701185310,20220630192616,20220630193353,,9
173,ME19B239,21,ME,20220701185310,20220623151559,20220623151810,,9
174,ME19B240,21,ME,20220701185310,20220630203943,20220630211711,,9
175,ME19B241,21,ME,20220701185310,20220630073825,20220630080052,,9
176,ME19B243,22,ME,20220701185310,20220630100429,20220630101841,,9
177,ME19B254,22,ME,20220701185310,20220701180142,20220701182215,,9
178,ME19B257,21,ME,20220701185310,20220518203451,20220518210112,,9
179,ME19B257,22,ME,20220701185310,20220627150818,20220627152100,,9
180,ME19B259,21,ME,20220701185310,20220629173043,20220629173849,,9
181,ME19B259,22,ME,20220701185458,20220701181353,20220701185359,20220701185458,3
182,ME19B260,21,ME,20220701185310,20220630195913,20220630201441,,9
183,ME19B260,22,ME,20220701185310,20220630184816,20220630192925,,9
184,ME19B263,22,ME,20220701185310,20220701143926,20220701152034,,9
185,ME19B264,21,ME,20220701185310,20220630153830,20220630155835,,9
186,ME19B271,21,ME,20220701185310,20220630192407,20220630193112,,9
187,ME19B271,22,ME,20220701185310,20220630083912,20220630091918,,9
188,ME19B401,21,ME,20220701185310,20220630162914,20220630170332,,9
189,ME19B401,22,ME,20220701185310,20220630232157,20220701000305,,9
190,ME19B402,22,ME,20220701185310,20220623093827,20220623100206,,9
191,ME19B402,23,ME,20220701185310,20220630141404,20220630144929,,9
192,ME19B404,21,ME,20220701185310,20220630214912,20220630221550,,9
193,ME19B409,21,ME,20220701185310,20220630090356,20220630090842,,9
194,ME19B410,41,ME,20220701185310,20220628101343,20220628101624,,9
195,ME19B410,43,ME,20220701185310,20220628160827,20220628161826,,9
196,ME19B411,21,ME,20220701185310,20220629182034,20220629190040,,9
197,ME19B411,22,ME,20220701185310,20220630181744,20220630185750,,9
198,ME19B411,23,ME,20220701185310,20220629150207,20220629154032,,9
199,ME19C144,11,ME,20220701185332,20220701183325,20220701185324,,2
200,ME19C145,01,ME,20220701185558,20220701181027,20220701185332,,3
201,ME19C170,01,ME,20220701185531,20220701121702,20220701125022,,2
202,ME19C209,22,ME,20220701185310,20220630123635,20220630125925,,9
203,ME19C212,22,ME,20220701185310,20220630161755,20220630163404,,9
204,ME19C213,21,ME,20220701185310,20220630145842,20220630153012,,9
205,ME19C213,22,ME,20220701185310,20220623171814,20220623174739,,9
206,ME19C214,21,ME,20220701185310,20220629150943,20220629154949,,9
207,ME19C218,21,ME,20220701185310,20220625132538,20220625135746,,9
208,ME19C219,22,ME,20220701185310,20220628112021,20220628114157,,9
209,ME19C220,21,ME,20220701185310,20220630111520,20220630115525,,9
210,ME19C220,22,ME,20220701185310,20220627151403,20220627155512,,9
211,ME19C226,21,ME,20220701185310,20220630202539,20220630210616,,9
212,ME19C231,21,ME,20220701185310,20220630221036,20220630224046,,9
213,ME19C232,21,ME,20220701185310,20220628121629,20220628125635,,9
214,ME19C233,22,ME,20220701185313,20220701183729,20220701185018,20220701185313,3
215,ME19C235,21,ME,20220701185310,20220628165157,20220628173335,,9
216,ME19C236,21,ME,20220701185310,20220627171605,20220627172522,,9
217,ME19C237,21,ME,20220701185310,20220630074316,20220630074802,,9
218,ME19C237,22,ME,20220701185310,20220630082801,20220630090728,,9
219,ME19C238,21,ME,20220701185310,20220625142659,20220625144612,,9
220,ME19C240,21,ME,20220701185310,20220701092640,20220701094440,,9
221,ME19C240,22,ME,20220701185310,20220630115517,20220630122527,,9
222,ME19C241,21,ME,20220701185310,20220630223303,20220630231308,,9
223,ME19C242,21,ME,20220701185310,20220701165127,20220701172129,,9
224,ME19C243,22,ME,20220701185559,20220701182635,20220701183500,20220701185559,3
225,ME19C244,21,ME,20220701185310,20220630150619,20220630154624,,9
226,ME19C251,21,ME,20220701185310,20220629122742,20220629125745,,9
227,ME19C251,22,ME,20220701185310,20220628141014,20220628143337,,9
228,ME19C253,21,ME,20220701185310,20220629085726,20220629093548,,9
229,ME19C253,22,ME,20220701185310,20220629134348,20220629141538,,9
230,ME19C256,21,ME,20220701185310,20220629131027,20220629132413,,9
231,ME19C258,22,ME,20220701185310,20220701175732,20220701182241,,9
232,ME19C260,21,ME,20220701185310,20220623120948,20220623121225,,9
233,ME19C261,21,ME,20220701185310,20220620110740,20220620113347,,9
234,ME19C261,22,ME,20220701185310,20220628181328,20220628185118,,9
235,ME19C265,22,ME,20220701185442,20220701181436,20220701185442,,2
236,ME19C272,21,ME,20220701185310,20220620150347,20220620150538,,9
237,ME19C272,22,ME,20220701185310,20220625142524,20220625145620,,9
238,ME19C274,22,ME,20220701185357,20220701160159,20220701162529,,2
239,ME19C276,21,ME,20220701185310,20220630104640,20220630105541,,9
240,ME19C276,22,ME,20220701185310,20220630210031,20220630214037,,9
241,ME19C279,22,ME,20220701185310,20220630155757,20220630163042,,9
242,ME19C280,21,ME,20220701185310,20220625124438,20220625132443,,9
243,ME19C280,22,ME,20220701185310,20220630084654,20220630091910,,9
244,ME19C283,21,ME,20220701185310,20220628182530,20220628185238,,9
245,ME19C284,21,ME,20220701185310,20220627120202,20220627120442,,9
246,ME19C284,22,ME,20220701185310,20220630173905,20220630180204,,9
247,ME19C289,21,ME,20220701185310,20220625123245,20220625125035,,9
248,ME19C402,42,ME,20220701185310,20220629212709,20220629214615,,9
249,ME19C404,24,ME,20220701185310,20220701174207,20220701182212,,9
250,ME19C406,22,ME,20220701185310,20220630152506,20220630155837,,9
251,ME19C406,23,ME,20220701185310,20220626201010,20220626201312,,9
252,ME19C407,23,ME,20220701185310,20220628091128,20220628092628,,9
253,ME19D108,91,ME,20220701185526,20220701183611,20220701185526,,2
254,ME19D201,02,ME,20220701185313,20220701182751,20220701185105,20220701185313,3
255,ME19D202,01,ME,20220701185706,20220701144123,20220701145954,20220701185706,3
256,ME19D214,91,ME,20220701185347,20220701133830,20220701140526,20220701185347,3
257,ME19D230,01,ME,20220701185310,20220630134625,20220630142625,,9
258,ME19D231,01,ME,20220701185501,20220701182957,20220701185456,,2
259,ME19D401,01,ME,20220701185615,20220701173009,20220701174602,20220701185615,3
260,ME19D402,03,ME,20220701185649,20220701184935,20220701185635,,2
261,ME19E176,01,ME,20220701185549,20220701182908,20220701185549,,2
262,ME19E188,01,ME,20220701185449,20220701181600,20220701185449,,2
263,ME19E209,22,ME,20220701185310,20220630120527,20220630124533,,9
264,ME19E213,21,ME,20220701185310,20220629100645,20220629100937,,9
265,ME19E214,21,ME,20220701185310,20220630001002,20220630002124,,9
266,ME19E222,21,ME,20220701185310,20220629125700,20220629125937,,9
267,ME19E222,22,ME,20220701185310,20220630135228,20220630143234,,9
268,ME19F110,01,ME,20220701185341,20220625134552,20220625135947,20220701185340,3
269,ME19F114,01,ME,20220701185310,20220701162833,20220701164005,,9
270,ME19F121,01,ME,20220701185310,20220630215936,20220630222312,,9
271,ME19F124,01,ME,20220701185310,20220622185915,20220622191608,,9
272,ME19F204,01,ME,20220701185310,20220629085245,20220629093353,,9
273,ME19F205,02,ME,20220701185310,20220630130236,20220630134242,,9
274,ME19F209,01,ME,20220701185606,20220701181600,20220701185606,,2
275,ME19F215,02,ME,20220701185310,20220630210559,20220630214707,,9
276,ME19F217,01,ME,20220701185310,20220630135514,20220630143520,,9
277,ME19F220,01,ME,20220701185310,20220627032248,20220627040349,,9
278,ME19F223,02,ME,20220701185310,20220630210419,20220630211456,,9
279,ME19F224,01,ME,20220701185310,20220625134338,20220625142417,,9
280,ME19F228,01,ME,20220701185453,20220630195353,20220630203502,,2
281,ME19F230,02,ME,20220701185310,20220628161038,20220628161604,,9
282,ME19F232,01,ME,20220701185310,20220626164725,20220626165832,,9
283,ME19F232,02,ME,20220701185310,20220630183740,20220630191848,,9
284,ME19F233,02,ME,20220701185310,20220629153431,20220629161247,,9
285,ME19F235,01,ME,20220701185310,20220630210224,20220630210420,,9
286,ME19F238,01,ME,20220701185310,20220630115045,20220630121306,,9
287,ME19F238,02,ME,20220701185310,20220630102849,20220630110854,,9
288,ME19F240,01,ME,20220701185310,20220630182130,20220630185150,,9
289,ME19F240,02,ME,20220701185310,20220630121825,20220630125831,,9
290,ME19F248,02,ME,20220701185510,20220701151630,20220701155738,20220701185509,3
291,ME19F249,02,ME,20220701185459,20220701183849,20220701185459,,2
292,ME19F250,02,ME,20220701185310,20220630094317,20220630102322,,9
293,ME19F256,01,ME,20220701185310,20220622081215,20220622081531,,9
294,ME19F258,01,ME,20220701185310,20220628160453,20220628164459,,9
295,ME19F259,01,ME,20220701185310,20220630071516,20220630075017,,9
296,ME19F260,01,ME,20220701185310,20220626144800,20220626150503,,9
297,ME19F260,02,ME,20220701185310,20220629193530,20220629194545,,9
298,ME19F263,02,ME,20220701185310,20220630141043,20220630144956,,9
299,ME19F303,02,ME,20220701185310,20220628142221,20220628150227,,9
300,ME19F401,03,ME,20220701185310,20220630153555,20220630160938,,9
301,ME19F402,02,ME,20220701185310,20220627183828,20220627185541,,9
302,ME19F403,01,ME,20220701185310,20220630205952,20220630213958,,9
303,ME19F403,02,ME,20220701185310,20220627124121,20220627124514,,9
304,ME19F404,04,ME,20220701185705,20220701182648,20220701185705,,2
305,ME19F406,01,ME,20220701185310,20220621153458,20220621153732,,9
306,ME19F406,04,ME,20220701185310,20220625162002,20220625164429,,9
307,ME19F407,02,ME,20220701185310,20220630110424,20220630114245,,9
308,ME19F407,04,ME,20220701185310,20220630141603,20220630142911,,9
309,ME19F409,03,ME,20220701185310,20220624102702,20220624102940,,9
310,ME19F411,01,ME,20220701185310,20220628152845,20220628160851,,9
311,ME19F412,02,ME,20220701185310,20220629083401,20220629084809,,9
312,ME19F412,03,ME,20220701185433,20220701181322,20220701185350,20220701185433,3
313,ME19F412,04,ME,20220701185310,20220629080837,20220629084246,,9
314,ME19X404,42,ME,20220701185618,20220701164834,20220701172545,20220701185618,3
315,ME19X405,46,ME,20220701185650,20220701172320,20220701180320,20220701185650,3
316,ME19X420,44,ME,20220701185719,20220701181714,20220701185714,,2
317,ME19X430,45,ME,20220701185616,20220701114751,20220701122751,,9
318,ME19X430,46,ME,20220701185314,20220701152804,20220701154919,,2
319,ME19Y278,01,ME,20220701185447,20220701183853,20220701185447,,2
320,ME19Y278,02,ME,20220701185620,20220701184317,20220701185620,,2
321,ME19Y280,01,ME,20220701185422,20220701135052,20220701140509,20220701185422,3
322,ME19Y402,01,ME,20220701185510,20220701173859,20220701175909,20220701185510,3
323,ME19Y403,21,ME,20220701185510,20220701115135,20220701123135,20220701185510,3
324,ME19Z214,01,ME,20220701185432,20220701113031,20220701113300,20220701185432,3
325,ME19Z220,22,ME,20220701185339,20220701161654,20220701164455,20220701185339,3
326,ME20A137,01,ME,20220701185608,20220701144736,20220701150807,20220701185608,3
327,ME20A140,01,ME,20220701185424,20220701174640,20220701180103,20220701185424,3
328,ME20A198,01,ME,20220701185359,20220701183124,20220701185348,,2
329,ME20A1b0,01,ME,20220701185546,20220701181532,20220701185532,,2
330,ME20A1c4,01,ME,20220701185619,20220701182906,20220701185606,,2
331,ME20A244,22,ME,20220701185509,20220701175219,20220701183009,20220701185509,3
332,ME20A256,22,ME,20220701185704,20220701182512,20220701185702,,2
333,ME20A277,01,ME,20220701185629,20220701181558,20220701185558,,2
334,ME20A301,21,ME,20220701185511,20220701134504,20220701141946,20220701185511,3
335,ME20A401,23,ME,20220701185433,20220701181432,20220701185432,,2
336,ME20A403,22,ME,20220701185515,20220701173624,20220701181624,20220701185515,3
337,ME20A803,24,ME,20220701185443,20220701181922,20220701183303,20220701185443,3
338,ME20B197,01,ME,20220701185642,20220630172701,20220630173404,20220701185642,3
339,ME20B204,22,ME,20220701185549,20220701070144,20220701074144,20220701185549,3
340,ME20C126,01,ME,20220701185359,20220701181344,20220701185344,,2
341,ME20C168,01,ME,20220701185607,20220701181824,20220701185556,,2
342,ME20C192,01,ME,20220701185551,20220701180205,20220701180947,20220701185551,3
343,ME20C1b2,01,ME,20220701185552,20220701181539,20220701185539,,2
344,ME20C201,21,ME,20220701185614,20220701180307,20220701181122,,9
345,ME20C201,22,ME,20220701185320,20220701181340,20220701185316,,2
346,ME20C231,21,ME,20220701185602,20220701183200,20220701185556,,2
347,ME20C247,22,ME,20220701185537,20220701181533,20220701185533,,2
348,ME20C263,22,ME,20220701185619,20220701175112,20220701183112,20220701185619,3
349,ME20C286,22,ME,20220701185650,20220701181000,20220701183301,20220701185650,3
350,ME20C2b6,22,ME,20220701185528,20220701181321,20220701185321,20220701185528,3
351,ME20C2b7,21,ME,20220701185435,20220701162810,20220701170810,20220701185435,3
352,ME20C2c2,21,ME,20220701185325,20220701172604,20220701172806,20220701185325,3
353,ME20D105,01,ME,20220701185310,20220630085809,20220630093512,,9
354,ME20D110,91,ME,20220701185338,20220630095142,20220630101209,,2
355,ME20D111,01,ME,20220701185310,20220630195815,20220630203623,,9
356,ME20D114,01,ME,20220701185310,20220629101444,20220629105450,,9
357,ME20D116,91,ME,20220701185310,20220628145214,20220628151113,,9
358,ME20D118,01,ME,20220701185310,20220626122015,20220626124306,,9
359,ME20D119,01,ME,20220701185310,20220630185017,20220630193023,,9
360,ME20D120,91,ME,20220701185310,20220629111857,20220629114826,,9
361,ME20D130,01,ME,20220701185310,20220629130820,20220629134828,,9
362,ME20D131,91,ME,20220701185310,20220630162127,20220630162645,,9
363,ME20D132,01,ME,20220701185310,20220619172333,20220619172544,,9
364,ME20D136,91,ME,20220701185310,20220623201635,20220623205253,,9
365,ME20D163,91,ME,20220701185310,20220625104713,20220625111754,,9
366,ME20D165,01,ME,20220701185310,20220629155848,20220629163921,,9
367,ME20D169,91,ME,20220701185310,20220621134902,20220621142908,,9
368,ME20D172,91,ME,20220701185310,20220630163454,20220630170851,,9
369,ME20D201,01,ME,20220701185310,20220629121018,20220629123544,,9
370,ME20D201,02,ME,20220701185310,20220628143231,20220628151237,,9
371,ME20D207,02,ME,20220701185310,20220621211943,20220621213301,,9
372,ME20D208,01,ME,20220701185310,20220630191232,20220630192925,,9
373,ME20D209,01,ME,20220701185310,20220629161427,20220629162451,,9
374,ME20D209,02,ME,20220701185310,20220629161029,20220629161346,,9
375,ME20D210,01,ME,20220701185310,20220630184240,20220630192246,,9
376,ME20D210,02,ME,20220701185310,20220616122943,20220616131100,,9
377,ME20D211,02,ME,20220701185310,20220630223558,20220630230345,,9
378,ME20D212,91,ME,20220701185310,20220623142127,20220623142400,,9
379,ME20D213,01,ME,20220701185310,20220629123235,20220629130929,,9
380,ME20D214,01,ME,20220701185310,20220627143836,20220627144113,,9
381,ME20D214,02,ME,20220701185310,20220627144243,20220627144519,,9
382,ME20D217,01,ME,20220701185310,20220627110819,20220627111054,,9
383,ME20D218,91,ME,20220701185310,20220630203701,20220630211707,,9
384,ME20D218,92,ME,20220701185310,20220630034607,20220630042637,,9
385,ME20D220,01,ME,20220701185310,20220701171446,20220701175155,,9
386,ME20D222,01,ME,20220701185310,20220626191449,20220626193121,,9
387,ME20D223,02,ME,20220701185310,20220701174116,20220701175205,,9
388,ME20D229,01,ME,20220701185310,20220623164952,20220623170706,,9
389,ME20D230,02,ME,20220701185310,20220627173842,20220627174140,,9
390,ME20D231,01,ME,20220701185310,20220628181333,20220628183853,,9
391,ME20D235,01,ME,20220701185310,20220627150010,20220627150245,,9
392,ME20D235,02,ME,20220701185310,20220627150346,20220627150628,,9
393,ME20D236,01,ME,20220701185310,20220630202738,20220630210744,,9
394,ME20D239,01,ME,20220701185310,20220630162706,20220630164034,,9
395,ME20D240,01,ME,20220701185310,20220630231911,20220630233614,,9
396,ME20D244,92,ME,20220701185310,20220629143521,20220629150856,,9
397,ME20D246,02,ME,20220701185310,20220630132646,20220630135011,,9
398,ME20D249,02,ME,20220701185310,20220630172931,20220630175705,,9
399,ME20D404,01,ME,20220701185310,20220630183344,20220630185403,,9
400,ME20D404,02,ME,20220701185310,20220626151454,20220626152732,,9
401,ME20D404,03,ME,20220701185310,20220629105804,20220629111421,,9
402,ME20D801,96,ME,20220701185317,20220701162510,20220701165313,20220701185317,3
403,ME20D901,81,ME,20220701185310,20220701154529,20220701162033,,9
404,ME21A137,01,ME,20220701185310,20220630151955,20220630152311,,9
405,ME21A139,01,ME,20220701185310,20220629100210,20220629102812,,9
406,ME21A140,01,ME,20220701185310,20220628192448,20220628200453,,9
407,ME21A205,01,ME,20220701185310,20220630102355,20220630104813,,9
408,ME21A205,02,ME,20220701185310,20220630200358,20220630204404,,9
409,ME21A206,02,ME,20220701185422,20220701180709,20220701184252,20220701185422,3
410,ME21A306,02,ME,20220701185625,20220701081618,20220701082449,,2
411,ME21B130,01,ME,20220701185310,20220630182932,20220630190413,,9
412,ME21B174,01,ME,20220701185310,20220630111653,20220630114136,,9
413,ME21B1D2,01,ME,20220701185310,20220630161551,20220630163532,,9
414,ME21B1D7,01,ME,20220701185334,20220701181241,20220701185247,20220701185333,3
415,ME21B1F2,01,ME,20220701185310,20220630230513,20220630232152,,9
416,ME21B212,01,ME,20220701185310,20220622185648,20220622193353,,9
417,ME21B212,02,ME,20220701185310,20220630202746,20220630205623,,9
418,ME21B213,02,ME,20220701185310,20220628151250,20220628152900,,9
419,ME21B214,01,ME,20220701185310,20220609160147,20220609160501,,9
420,ME21B216,02,ME,20220701185310,20220630143305,20220630151311,,9
421,ME21B217,01,ME,20220701185310,20220630084839,20220630091821,,9
422,ME21B217,02,ME,20220701185310,20220630124342,20220630132409,,9
423,ME21B222,02,ME,20220701185310,20220629101916,20220629102920,,9
424,ME21B225,01,ME,20220701185310,20220629173939,20220629181625,,9
425,ME21B243,02,ME,20220701185310,20220630180012,20220630183924,,9
426,ME21B244,01,ME,20220701185310,20220620100855,20220620100954,,9
427,ME21B249,02,ME,20220701185310,20220630165216,20220630171015,,9
428,ME21B257,02,ME,20220701185310,20220628202311,20220628203744,,9
429,ME21B307,02,ME,20220701185310,20220615233617,20220615234621,,9
430,ME21B313,02,ME,20220701185310,20220630192656,20220630194838,,9
431,BA191101,01,BA,20220701185358,20220701164130,20220701165235,20220701185355,3
432,BNII4401,02,BN,20220701185623,,,,3
433,BT000050,03,BT,20220701185700,20220701170453,20220701180646,20220701170453,2
434,BT000054,02,BT,20220701185600,20220630202014,20220701003258,20220701185405,3
435,BT000065,10,BT,20220701185500,20220701175022,20220701184850,20220701185201,3
436,CU610003,02,CU,20220701185457,20220630173223,20220630225122,20220630173223,3
437,CU610007,01,CU,20220701185632,20220701154910,20220701184828,20220701154910,2
438,CV000051,02,CV,20220701185643,20220701183415,20220701185302,20220701183415,2
439,CV000125,05,CV,20220701185643,20220630040230,20220630084901,20220630040230,2
440,CV000126,03,CV,20220701185645,20220701021459,20220701080715,20220629022019,1
441,CV000147,03,CV,20220701185644,20220701180104,20220701185358,20220701180104,2
442,CV000164,02,CV,20220701185649,20220630130208,20220701185224,20220630130208,2
443,CV000182,01,CV,20220701185642,20220701171951,20220701174233,20220701185319,3
444,CV000273,01,CV,20220701185642,20220701165813,20220701185101,20220701165813,2
445,CV000299,02,CV,20220701185643,20220701165659,20220701185245,20220701165659,2
446,CV000302,01,CV,20220701185646,20220618182923,20220618201205,20220618182923,1
447,CV000302,02,CV,20220701185646,20220603120343,20220603124134,20220603120343,1
448,CV000320,02,CV,20220701185643,20220602104515,20220602105220,20220602104515,1
449,CV000320,03,CV,20220701185643,20220602095131,20220602095252,20211214141450,1
450,CV000394,01,CV,20220701185643,20220628160014,20220628172147,20220628160014,1
451,CV000394,02,CV,20220701185643,20220626121438,20220626151914,20220626121438,1
452,CV000404,01,CV,20220701185646,20220605150132,20220605160422,20220601162855,1
453,CV000404,02,CV,20220701185646,20220429162650,20220429162752,20211202135900,1
454,CV000420,02,CV,20220701185646,20220701092006,20220701120735,20220701185136,3
455,CV000422,01,CV,20220701185643,20220701182313,20220701184015,20220701185104,3
456,CV000452,01,CV,20220701185649,20220616111011,20220616164148,20220616111011,2
457,CV000453,02,CV,20220701185647,20220627125820,20220627163446,20220627125820,1
458,CV000470,03,CV,20220701185646,20220628185431,20220628225956,20220701185420,3
459,CV000484,01,CV,20220701185649,20220701182255,20220701185136,20220701182255,2
460,CV000513,01,CV,20220701185643,20220701180103,20220701185332,20220701180103,2
461,CV000523,02,CV,20220701185645,20220701080227,20220701143647,20220701185523,3
462,CV000565,05,CV,20220701185648,20220630223142,20220701114054,20220701185510,3
463,CV000596,01,CV,20220701185642,20220630213924,20220701052206,20220701185148,3
464,CV000596,02,CV,20220701185642,20220701095200,20220701155713,20220701185211,3
465,CV000647,03,CV,20220701185642,20220630213246,20220701020651,20220701185256,3
466,CV000652,14,CV,20220701185644,20220630224920,20220701075633,20220701185248,3
467,CV000659,03,CV,20220701185643,20220701171936,20220701173222,20220701185204,3
468,CV000674,03,CV,20220701185643,20220701155653,20220701160716,20220701185145,3
469,CV000674,06,CV,20220701185643,20220701174630,20220701184632,20220701174630,3
470,CV000683,04,CV,20220701185647,20220630184230,20220701103314,20220701185507,3
471,CV000739,01,CV,20220701185649,20211106152153,20211106164421,20211106152153,1
472,CV000754,01,CV,20220701185646,20220701170305,20220701171738,20220701170305,3
473,CV000754,02,CV,20220701185646,20220701154446,20220701160055,20220701185334,3
474,CV000783,01,CV,20220701185645,20220701164422,20220701173702,20220701185254,3
475,CV000809,01,CV,20220701185644,20220701170621,20220701175317,20220701185248,3
476,CV000848,01,CV,20220701185648,20220701181713,20220701183448,20220701185054,3
477,CV000857,04,CV,20220701185643,20220701173015,20220701183015,20220701185108,3
478,CV000857,05,CV,20220701185643,20220701170101,20220701175251,20220701185411,3
479,CV000858,01,CV,20220701185642,20220701061330,20220701091651,20220701185136,3
480,CV000858,02,CV,20220701185642,20220701152251,20220701164814,20220701185328,3
481,CV000864,03,CV,20220701185641,20220629143755,20220629191057,20220701185525,3
482,CV000879,02,CV,20220701185642,20220701124916,20220701132915,20220701185519,3
483,CV000883,01,CV,20220701185648,20220701173449,20220701182526,20220701185540,3
484,CV000883,02,CV,20220701185648,20220701165950,20220701173834,20220701165950,3
485,CV000884,02,CV,20220701185646,20220701154757,20220701161306,20220701185450,3
486,CV000887,01,CV,20220701185649,20220701175227,20220701185229,20220701175227,2
487,CV000887,02,CV,20220701185649,20220701173800,20220701183158,20220701173800,2
488,CV000893,03,CV,20220701185649,20220701181127,20220701185120,20220701181127,2
489,CV000900,02,CV,20220701185641,20220701164647,20220701173228,20220701185220,3
490,CV000920,02,CV,20220701185647,20220701183342,20220701185256,20220701183342,2
491,CV000948,02,CV,20220701185646,20220630210925,20220630231716,20220701185524,3
492,CV000967,01,CV,20220701185643,20220701182913,20220701185231,20220701182913,2
493,CV001017,01,CV,20220701185648,20220701160100,20220701163522,20220701185124,3
494,CV001032,02,CV,20220701185645,20220630182634,20220630223423,20220701185157,3
495,CV001058,01,CV,20220701185642,20220701145535,20220701153027,20220701145535,1
496,CV001058,02,CV,20220701185642,20220701092913,20220701094112,20220701092913,1
497,CV001074,01,CV,20220701185649,20220701182349,20220701185056,20220701182349,2
498,CV001082,03,CV,20220701185642,20220701153902,20220701172600,20220701153902,1
499,CV001095,03,CV,20220701185641,20220629132926,20220629134512,20220701185106,3
500,CV001095,04,CV,20220701185641,20220624004301,20220624012918,20220624004301,3
501,CV001112,01,CV,20220701185642,20220701180449,20220701185514,20220701180449,2
502,CV001112,02,CV,20220701185642,20220701184326,20220701184323,20220701184326,2
503,CV001112,03,CV,20220701185642,20220701175100,20220701185100,20220701175100,2
504,CV001112,04,CV,20220701185642,20220701182730,20220701185409,20220701182730,2
505,CV001150,02,CV,20220701185647,20220629181752,20220629200455,20220629181752,2
506,CV001150,05,CV,20220701185646,20220701170838,20220701180839,20220701170838,2
507,CV001152,01,CV,20220701185643,20220701113216,20220701114939,20220701185313,3
508,CV001152,02,CV,20220701185643,20220701154535,20220701162209,20220701154535,3
509,CV001160,01,CV,20220701185648,20220701184718,20220701185329,20220701184718,2
510,CV001160,02,CV,20220701185648,20220701185341,20220701185339,20220701171203,2
511,CV001178,04,CV,20220701185641,20220701183140,20220701185417,20220701183140,2
512,CV001188,05,CV,20220701185644,20220701160301,20220701162958,,2
513,EH213008,11,EH,20220701185719,20220701090727,20220701110746,20220701185718,3
514,EH213080,01,EH,20220701185340,20220629010603,20220629020613,20220629130303,3
515,EP190011,01,EP,20220701185530,20220629030627,20220629080621,20220701185525,3
516,EP190061,01,EP,20220701185352,20220701110757,20220701010717,20220701145420,2
517,EP200077,02,EP,20220701185310,20211208051257,20211208071231,,2
518,EP200180,05,EP,20220701185607,20220701030739,20220701040743,20220701182037,2
519,EP200214,05,EP,20220701185526,20220701020740,20220701030737,20220701171353,2
520,EP200416,01,EP,20220701185649,20220629090624,20220629100602,20220701174856,2
521,EP200429,01,EP,20220701185630,20220604020608,20220604040656,20220701185633,3
522,EP200478,05,EP,20220701185334,20220630050607,20220630080631,20220701133117,2
523,EP210027,01,EP,20220701185352,20220630090647,20220701050744,20220701175322,2
524,EP210057,03,EP,20220701185532,20220630030606,20220630050607,20220701152838,2
525,EP210244,01,EP,20220701185711,20220701070711,20220701080725,20220630141332,3
526,EP220010,02,EP,20220701185455,20220630090605,20220630040626,20220630092605,3
527,EP220044,01,EP,20220701185310,20220506020557,20220506030540,20220701155131,9
528,EP220052,11,EP,20220701185543,20220701010709,20220701050701,20220701185542,3
529,EP220053,01,EP,20220701185613,20220630110654,20220701120732,20220701183552,2
530,EP220132,01,EP,20220701185541,20220628050657,20220628060612,20220701180722,2
531,EV000032,03,EV,20220701185517,20220630184645,20220630232231,20220701185403,3
532,EV000124,01,EV,20220701185414,20220630203122,20220701041043,20220701185351,3
533,EV000206,01,EV,20220701185712,20220701031605,20220701091956,20220701185610,3
534,EV000242,01,EV,20220701185314,20220701174907,20220701183217,20220701174907,2
535,EV000364,01,EV,20220701185612,20220701144529,20220701145518,20220701185518,3
536,EV000399,01,EV,20220701185508,20220630163058,20220630220557,20220701185425,3
537,EV000511,05,EV,20220701185412,20220629195910,20220629231746,20220701185309,3
538,EV000603,03,EV,20220701185714,20220630123144,20220630144209,20220701185604,3
539,EV000709,03,EV,20220701185707,20220701154517,20220701183728,20220701154517,2
540,EV000719,01,EV,20220701185709,20220628215208,20220629002358,20220701185631,3
541,EV000757,01,EV,20220701185410,20220630232534,20220701055422,20220701185400,3
542,EV000832,01,EV,20220701185312,20220701140626,20220701183356,20220701140626,2
543,EV000890,02,EV,20220701185409,20220701155014,20220701183508,20220701155014,2
544,EV001081,02,EV,20220701185615,20220629225841,20220630040054,20220701185516,3
545,EV001088,02,EV,20220701185712,20220630212023,20220630233725,20220701185639,3
546,EV001093,01,EV,20220701185412,20220701024026,20220701065834,20220701185348,3
547,EV001108,04,EV,20220701185313,20220701172937,20220701185209,20220701172937,2
548,EV001122,01,EV,20220701185712,20220630211905,20220701000344,20220701185635,3
549,EV001168,01,EV,20220701185517,20220630185837,20220630235753,20220701185458,3
550,EV001292,02,EV,20220701185315,20220629222002,20220630053241,20220701185218,3
551,EV001313,01,EV,20220701185412,20220701103003,20220701170342,20220701185301,3
552,EV001351,01,EV,20220701185508,20220630174536,20220701063126,20220701185430,3
553,EV001365,01,EV,20220701185519,20220701170218,20220701183453,20220701170218,2
554,EV001373,02,EV,20220701185615,20220629162952,20220630024934,20220701185559,3
555,EV001425,07,EV,20220701185413,20220630190248,20220630222856,20220701185307,3
556,EV001448,02,EV,20220701185712,20220701175359,20220701183658,20220701175359,2
557,EV001547,01,EV,20220701185713,20220701164225,20220701183755,20220701164225,2
558,EV001562,01,EV,20220701185519,20220701123152,20220701143047,20220701185429,3
559,EV001562,04,EV,20220701185616,20220701141303,20220701183547,20220701141303,2
560,EV001606,01,EV,20220701185413,20220701154208,20220701183424,20220701154208,2
561,EV001614,03,EV,20220701185308,20220701154813,20220701183358,20220701154813,2
562,EV001691,01,EV,20220701185515,20220701161452,20220701183549,20220701161452,2
563,EV001692,01,EV,20220701185517,20220701145054,20220701183424,20220701145054,2
564,EV001757,02,EV,20220701185712,20220630222723,20220701083738,20220701185628,3
565,EV001853,03,EV,20220701185413,20220630162753,20220630190619,20220701185311,3
566,EV001909,01,EV,20220701185615,20220628150634,20220628194620,20220701185543,3
567,EV001913,02,EV,20220701185509,20220701163248,20220701183552,20220701163248,2
568,EV001930,01,EV,20220701185514,20220701144623,20220701183452,20220701144623,2
569,EV001931,01,EV,20220701185413,20220630214654,20220630235315,20220701185316,3
570,EV001974,01,EV,20220701185714,20220629230758,20220630034116,20220701185658,3
571,EV001979,02,EV,20220701185412,20220701133250,20220701183535,20220701133250,2
572,EV001982,02,EV,20220701185311,20220701152615,20220701174104,20220701185236,3
573,EV001984,02,EV,20220701185518,20220630222333,20220630230454,20220701185450,3
574,EV002002,03,EV,20220701185516,20220701175515,20220701183413,20220701175515,2
575,EV002015,02,EV,20220701185408,20220630131017,20220701063258,20220701185320,3
576,EV002063,02,EV,20220701185611,20220628223159,20220629053339,20220701185545,3
577,EV002092,03,EV,20220701185412,20220630164543,20220701064605,20220701185315,3
578,EV002127,04,EV,20220701185610,20220701095920,20220701144200,20220701185506,3
579,EV002255,01,EV,20220701185308,20220701134325,20220701183326,20220701134325,2
580,EV002396,01,EV,20220701185711,20220630204510,20220630223228,20220701185631,3
581,EV002414,03,EV,20220701185612,20220630194206,20220701011428,20220701185521,3
582,EV002440,01,EV,20220701185412,20220701101901,20220701120940,20220701185338,3
583,EV002449,02,EV,20220701185411,20220629172939,20220630010124,20220701185305,3
584,EV002459,01,EV,20220701185516,20220630220942,20220701012257,20220701185456,3
585,EV002460,02,EV,20220701185609,20220701163733,20220701183639,20220701163733,2
586,EV002467,01,EV,20220701185514,20220701163439,20220701183550,20220701163439,2
587,EV002523,02,EV,20220701185313,20220701163201,20220701183303,20220701163201,2
588,EV002565,02,EV,20220701185610,20220629135635,20220629183035,20220701185557,3
589,EV002606,02,EV,20220701185615,20220701082426,20220701100255,20220701185558,3
590,EV002703,02,EV,20220701185609,20220701175457,20220701181247,20220701185511,3
591,EV002735,03,EV,20220701185710,20220630165644,20220630185454,20220701185646,3
592,EV002914,06,EV,20220701185314,20220623170127,20220624005947,20220701185220,3
593,EV002983,02,EV,20220701185611,20220701181500,20220701183602,20220701181500,2
594,EV003155,02,EV,20220701185414,20220628184823,20220628221843,20220701185312,3
595,EV003258,02,EV,20220701185411,20220630191954,20220701023246,20220701185344,3
596,EV003300,03,EV,20220701185518,20220701172304,20220701183515,20220701172304,2
597,EV003320,01,EV,20220701185516,20220630041136,20220630082425,20220701185451,3
598,EV003349,04,EV,20220701185409,20220701121516,20220701154457,20220701121516,2
599,EV003354,03,EV,20220701185614,20220701171952,20220701183602,20220701171952,2
600,EV003356,02,EV,20220701185609,20220630181310,20220630215538,20220701185600,3
601,EV003358,04,EV,20220701185516,20220630172246,20220630201346,20220701185420,3
602,EV003494,05,EV,20220701185610,20220701182614,20220701185529,20220701182614,2
603,EV003494,09,EV,20220701185512,20220701183629,20220701181827,20220701183629,2
604,EV003537,02,EV,20220701185514,20220630154143,20220630192713,20220701185414,3
605,EV003541,01,EV,20220701185713,20220701131355,20220701165435,20220701185610,3
606,EV003578,01,EV,20220701185312,20220630181130,20220630211846,20220701185239,3
607,EV003592,01,EV,20220701185509,20220630004117,20220630071524,20220701185440,3
608,EV003642,03,EV,20220701185614,20220701111606,20220701134053,20220701185515,3
609,EV003677,01,EV,20220701185414,20220630163407,20220630222510,20220701185358,3
610,EV003841,01,EV,20220701185412,20220701113726,20220701175545,20220701185352,3
611,EV003841,02,EV,20220701185613,20220701182655,20220701183546,20220701182655,2
612,EV003928,02,EV,20220701185612,20220630173942,20220701063923,20220701185529,3
613,EV003976,03,EV,20220701185411,20220630183456,20220630220443,20220701185326,3
614,EV004018,02,EV,20220701185709,20220701165840,20220701185625,20220701165840,2
615,EV004059,01,EV,20220701185614,20220630153135,20220701001201,20220701185538,3
616,EV004102,02,EV,20220701185613,20220701173117,20220701182523,20220701173117,2
617,EV004315,01,EV,20220701185409,20220624175551,20220625043004,20220701185327,3
618,EV004352,02,EV,20220701185710,20220701075513,20220701141427,20220701185617,3
619,EV004427,01,EV,20220701185610,20220701151958,20220701155852,20220701185536,3
620,EV004510,01,EV,20220701185411,20220630183744,20220701002858,20220701185328,3
621,EV004526,03,EV,20220701185310,20220627194821,20220628045304,20220701185244,3
622,EV004547,01,EV,20220701185709,20220630174139,20220630201718,20220701185625,3
623,EV004668,01,EV,20220701185513,20220630224330,20220701042337,20220629221940,9
624,EV004670,01,EV,20220701185514,20220701185320,20220701185412,20220701185320,2
625,EV004755,04,EV,20220701185612,,,20220701185537,3
626,EV004761,02,EV,20220701185412,20220630191649,20220701053956,20220701185322,3
627,EV004804,02,EV,20220701185710,20220630220740,20220701074043,20220701185623,3
628,EV004806,02,EV,20220701185714,20220701183022,20220701185653,20220701183022,2
629,EV004812,05,EV,20220701185714,20220630164049,20220630175334,20220701185607,3
630,EV004813,02,EV,20220701185412,20220701165932,20220701183457,20220701165932,2
631,EV004878,02,EV,20220701185411,20220701180304,20220701183751,20220701185347,3
632,EV004956,01,EV,20220701185311,20220701181745,20220701185243,20220701181745,2
633,EV004977,01,EV,20220701185311,20220701001238,20220701035702,20220630010745,2
634,EV005094,01,EV,20220701185311,20220630203527,20220630211919,20220701185252,3
635,EV005099,02,EV,20220701185413,20220630193842,20220630215531,20220701185357,3
636,EV005130,01,EV,20220701185515,20220701153233,20220701173514,20220701185405,3
637,EV005274,02,EV,20220701185310,20220629162134,20220630023209,20220701185306,3
638,EV005340,02,EV,20220701185513,20220628181300,20220629013447,20220701185433,3
639,EV005389,03,EV,20220701185517,20220630214737,20220701011918,20220701185435,3
640,EV005402,04,EV,20220701185310,20220701092609,20220701153049,20220701185233,3
641,EV005459,04,EV,20220701185611,20220630213155,20220701022706,20220701185540,3
642,EV005468,04,EV,20220701185615,20220628184441,20220629033935,20220701185537,3
643,EV005527,02,EV,20220701185307,20220630181156,20220701010702,20220701185210,3
644,EV005606,05,EV,20220701185512,20220701162950,20220701183514,20220701162950,2
645,EV005883,02,EV,20220701185611,20220629123849,20220629141229,20220701185557,3
646,EV005972,01,EV,20220701185615,20220701183225,20220701185524,20220701183225,2
647,GS000007,01,GS,20220701185442,20220701181517,20220701184817,20220701181517,2
648,GS000009,01,GS,20220701185542,20220701174029,20220701185519,20220701174029,2
649,GS000009,04,GS,20220701185642,20220701180747,20220701185602,20220701180747,2
650,GS000022,04,GS,20220701185642,20220701181443,20220701181834,20220701181443,3
651,GS000030,02,GS,20220701185342,20220701164437,20220701171612,20220701164437,3
652,GS000048,01,GS,20220701185342,20220701182533,20220701183852,20220701182533,2
653,GS000053,04,GS,20220701185642,20220701125910,20220701140810,20220701125910,3
654,GS000061,02,GS,20220701185542,20220701182748,20220701184002,20220701182748,3
655,GS000071,01,GS,20220701185642,20220701170818,20220701184920,20220701170818,2
656,GS000074,02,GS,20220701185542,20220701152451,20220701161344,20220701152451,3
657,GS000077,02,GS,20220701185342,20220701160006,20220701171341,20220701160006,3
658,GS000087,01,GS,20220701185542,20220701174853,20220701183522,20220701174853,3
659,HD000002,03,HD,20220701185500,,,,5
660,HD000003,02,HD,20220701185500,,,,2
661,HD000003,03,HD,20220701185500,,,,3
662,HD000003,06,HD,20220701185500,,,,5
663,HD000008,02,HD,20220701185500,,,,3
664,HD000008,04,HD,20220701185500,,,,3
665,HD000008,06,HD,20220701185500,,,,2
666,HD000009,04,HD,20220701185500,,,,2
667,HD000012,03,HD,20220701185500,,,,5
668,HD000013,03,HD,20220701185500,,,,2
669,HD000014,01,HD,20220701185500,,,,3
670,HD000015,01,HD,20220701185500,,,,3
671,HD000015,03,HD,20220701185500,,,,2
672,HD010005,01,HD,20220701185530,,,,3
673,HD010005,08,HD,20220701185530,,,,2
674,HE000031,01,HE,20220701185424,20220701172818,20220701184347,20220701183846,2
675,HE000037,04,HE,20220701185723,20220701172434,20220701174018,20220701183946,2
676,HE000040,01,HE,20220701185723,20220701172908,20220701184654,20220701184046,2
677,HE000043,01,HE,20220701185629,20220701170511,20220701174612,20220701180950,2
678,HE000080,02,HE,20220701185422,20220701112333,20220701124331,20220701182646,3
679,HE000083,01,HE,20220701185532,20220701114341,20220701120342,20220701175750,3
680,HE000168,01,HE,20220701185527,20220701170718,20220701170754,20220701124346,3
681,HE000168,03,HE,20220701185322,20220628083029,20220628085129,20220628083344,3
682,HE000226,01,HE,20220701185535,20220629145116,20220629173340,20220701185432,3
683,HE000239,03,HE,20220701185422,20220701170746,20220701184827,20220701185415,3
684,HE000239,04,HE,20220701185724,20220701143951,20220701160334,20220701185621,2
685,HE000359,01,HE,20220701185627,20220701081303,20220701122852,20220701111746,5
686,HE000455,01,HE,20220701185323,20220701120234,20220701124137,20220701120546,3
687,HE000465,02,HE,20220701185422,20220701160959,20220701175450,20220701171346,3
688,HE000468,02,HE,20220701185325,20220701163728,20220701185223,20220701184146,2
689,HE000615,01,HE,20220701185323,20220701115643,20220701122415,20220701120046,3
690,HE000627,03,HE,20220701185531,20220701182708,20220701184453,20220701183646,2
691,HE000628,02,HE,20220701185533,20220701171803,20220701174511,20220701184950,3
692,HE000629,01,HE,20220701185326,20220701174824,20220701181233,20220701175246,5
693,HE000629,02,HE,20220701185326,20220701170400,20220701180735,20220701180746,2
694,HE000640,01,HE,20220701185324,20220701154201,20220701162049,20220701154446,3
695,HE000654,01,HE,20220701185425,20220701181120,20220701185149,20220701181446,3
696,HE000663,01,HE,20220701185624,20220408130417,20220408140015,20220311202625,5
697,HE000687,01,HE,20220701185532,20220701182350,20220701185402,20220701182546,2
698,HE000717,02,HE,20220701185628,20220701141919,20220701151825,20220701181546,2
699,HE000787,05,HE,20220701185323,20220701095414,20220701171500,20220701183846,2
700,HE000833,01,HE,20220701185325,20220701174104,20220701184417,20220701184546,2
701,HE000886,01,HE,20220701185323,20220701123309,20220701132038,20220701184946,2
702,HE000899,01,HE,20220701185724,20220701160621,20220701175219,20220701171346,2
703,HE000910,01,HE,20220701185324,20220701175107,20220701183215,20220701183946,2
704,HE000912,01,HE,20220701185528,20220701170340,20220701172516,20220701184846,3
705,HE000913,02,HE,20220701185630,20220701131442,20220701131630,20220701180050,2
706,HE000918,01,HE,20220701185627,20220701153804,20220701163715,20220701154046,2
707,HE000919,01,HE,20220701185325,20220701120155,20220701123609,20220701120346,2
708,HE000928,01,HE,20220701185534,20220701135822,20220701142543,20220701185050,3
709,HE000935,01,HE,20220701185535,20220701165906,20220701180058,20220701170546,5
710,HE000941,01,HE,20220701185425,20220701154859,20220701171237,20220701165246,3
711,HE000953,01,HE,20220701185322,20220701140829,20220701143508,20220701175946,2
712,HE000958,01,HE,20220701185725,20220701145524,20220701153744,20220701184046,2
713,HE000982,02,HE,20220701185322,20220701135709,20220701151855,20220701181746,2
714,HE000988,01,HE,20220701185424,20220701164238,20220701182858,20220701174646,3
715,HE001015,03,HE,20220701185625,20220701180024,20220701182238,20220701184650,2
716,HE001023,02,HE,20220701185310,20220701161117,20220701170705,20220701161446,9
717,HE001031,02,HE,20220701185528,20220701082416,20220701084943,20220701180546,3
718,HE001044,01,HE,20220701185533,20220701171810,20220701183352,20220701184150,3
719,HE001047,02,HE,20220701185423,20220701175257,20220701175445,20220701134709,2
720,HE001048,04,HE,20220701185532,20220630075736,20220630193011,20220701180446,3
721,HE001055,01,HE,20220701185534,20220701165948,20220701173028,20220701165646,3
722,HE001071,01,HE,20220701185528,20220701161957,20220701165530,20220701183846,3
723,HE001094,01,HE,20220701185310,20220628153315,20220628155312,20220628153544,9
724,HE001095,01,HE,20220701185723,20220701181853,20220701182445,20220701182846,2
725,HE001121,01,HE,20220701185725,20220701165746,20220701172410,20220701165946,3
726,HE192063,02,HE,20220701185724,20220701153736,20220701182410,,3
727,HE192221,02,HE,20220701185624,20220630190242,20220701080051,20220701184250,2
728,HE192267,10,HE,20220701185323,20220630204014,20220630215303,20220628185945,3
729,HE192387,07,HE,20220701185423,20220618185400,20220619052724,20220619052339,3
730,HE192391,08,HE,20220701185724,20220629185718,20220630020023,20220627001843,3
731,HE192394,06,HE,20220701185324,20220701154241,20220701160740,20220701154746,3
732,HE192466,09,HE,20220701185627,20220630185231,20220630225558,20220628012444,3
733,HE192468,01,HE,20220701185423,20220630181525,20220630215650,20220628224445,3
734,HE192495,02,HE,20220701185533,20220701152922,20220701165837,20220701163446,3
735,HE202634,06,HE,20220701185528,20220701135104,20220701143922,20220701135446,3
736,HE202643,01,HE,20220701185325,20220630213300,20220701052345,20220628193745,3
737,HE202643,05,HE,20220701185628,20220630214647,20220701062637,20220628225745,3
738,HE990006,01,HE,20220701185422,20220629182021,20220630092512,20220701185408,3
739,JD000004,01,JD,20220701185508,20220701184618,20220701185346,20220701184618,2
740,JD000017,01,JD,20220701185508,20220701174315,20220701180143,20220701174315,1
741,JD000037,01,JD,20220701185407,20220630194121,20220630233605,20220701182658,3
742,JD000092,01,JD,20220701185708,20220701180351,20220701185229,20220701180351,2
743,JD000126,01,JD,20220701185609,20220701183222,20220701185240,20220701183222,2
744,JD100016,02,JD,20220701185409,20220701181626,20220701185242,20220701181626,2
745,JD100019,04,JD,20220701185708,20220701182435,20220701185222,20220701182435,2
746,JD110001,01,JD,20220701185509,20220701182723,20220701185149,20220701182723,2
747,JD110008,01,JD,20220701185409,20220701181011,20220701185014,20220701181011,2
748,JD110011,02,JD,20220701185709,20220701182309,20220701185534,20220701182309,2
749,JD110036,01,JD,20220701185509,20220701180857,20220701184947,20220701185403,3
750,JD110042,01,JD,20220701185407,20220701180319,20220701184326,20220701185331,3
751,JD110044,01,JD,20220701185308,20220701175456,20220701183458,20220701185233,3
752,JD110079,01,JD,20220701185708,20220701113133,20220701121133,20220701113133,3
753,JD110097,01,JD,20220701185609,20220701183119,20220701173042,20220701183119,2
754,JD110098,01,JD,20220701185609,20220701165232,20220701172031,20220701165232,3
755,JD110098,02,JD,20220701185409,20220701144051,20220701152051,20220701144051,3
756,JD110100,01,JD,20220701185509,20220701183053,20220701181114,20220701183053,2
757,JD160017,01,JD,20220701185708,20220701182403,20220701185518,20220701182403,2
758,JD160053,05,JD,20220701185507,20220701181905,20220701171406,20220701181905,2
759,JD160053,06,JD,20220701185307,20220701164350,20220701171509,20220701164350,3
760,JE010007,01,JE,20220701185401,20220701175616,20220701185029,20220701175616,3
761,JE010055,02,JE,20220701185701,20220608222403,20220609064706,20220608222403,1
762,JE010090,01,JE,20220701185701,20211225142012,20211225142515,,2
763,JE010094,02,JE,20220701185402,20220630182020,20220701004617,20220630182020,3
764,JE010101,01,JE,20220701185401,20220701111244,20220701123214,20220701111244,2
765,JE010113,02,JE,20220701185701,20220604090750,20220604110838,20220604090750,2
766,JE010127,01,JE,20220701185701,20220622100704,20220622124700,20220622100704,1
767,JE010149,01,JE,20220701185702,20220701114002,20220701141423,20220701114002,3
768,JE010200,01,JE,20220701185701,20220701174700,20220701185533,20220701174700,2
769,JE010217,01,JE,20220701185701,20220630121257,20220630185302,20220630121257,3
770,JE010236,01,JE,20220701185402,20220701120728,20220701120752,20220701185234,3
771,JE010247,02,JE,20220701185401,20220701140639,20220701143027,20220701140639,3
772,JE010257,01,JE,20220701185702,20220624185139,20220625055915,20220624185139,3
773,JE010264,01,JE,20220701185402,20220630175221,20220701074644,20220630175221,3
774,JE020002,02,JE,20220701185401,20220701143224,20220701170745,20220701181800,3
775,JE020002,10,JE,20220701185401,20220701120603,20220701121121,20220701120603,2
776,JE020008,01,JE,20220701185701,20220701165548,20220701165631,20220701155807,3
777,JE020011,04,JE,20220701185701,20220701143506,20220701150819,20220701143506,3
778,JE020083,02,JE,20220701185401,20220629211024,20220630051433,20220629211024,3
779,JE020095,03,JE,20220701185701,20220701020711,20220701025447,20220701020711,3
780,JE020104,01,JE,20220701185402,20220701182356,20220701185239,20220701182356,2
781,JE020108,01,JE,20220701185401,20220701135003,20220701140025,20220630154617,2
782,JE020137,08,JE,20220701185701,20220701085836,20220701090701,20220701185639,3
783,JE040090,03,JE,20220701185402,20220701130648,20220701160801,20220701130648,3
784,JE045005,46,JE,20220701185401,20220629185837,20220629210832,20220629185837,3
785,JE070024,01,JE,20220701185401,20220701113140,20220701162814,20220701113140,3
786,JE090008,01,JE,20220701185701,20220701141011,20220701155448,20220701141011,2
787,JE090031,07,JE,20220701185401,,,,1
788,JE130036,02,JE,20220701185701,,,,2
789,JE130046,03,JE,20220701185702,20220625181517,20220625215731,20220625181517,3
790,JE140009,01,JE,20220701185701,20220630220958,20220630233946,20220630220958,3
791,JE140048,01,JE,20220701185701,,,,2
792,JE160014,01,JE,20220701185401,,,,1
793,JE160040,04,JE,20220701185401,20220629203909,20220630060028,20220630213240,1
794,KC000002,01,KC,20220701185402,,,,3
795,KC000003,01,KC,20220701185402,,,,3
796,KE000020,02,KE,20220701185507,20220701185251,20220630202448,20220701185251,3
797,KE000034,03,KE,20220701185510,20220701185459,20220630191317,20220701185459,3
798,KE000041,07,KE,20220701185506,20220701185323,20220701031038,20220701185323,3
799,KE000046,09,KE,20220701185507,20220701185441,20220624112743,20220701185441,3
800,KE000103,01,KE,20220701185506,20220701185405,20220630234528,20220701185405,3
801,KE000110,03,KE,20220701185507,20220701185451,20220630091314,20220701185451,3
802,KE000112,05,KE,20220701185511,20220701184524,20220701184453,20220701184524,3
803,KE000140,03,KE,20220701185508,20220701184547,20220629184930,20220701184547,3
804,KE000185,01,KE,20220701185511,20220701184528,20220701064320,20220701184528,3
805,KE000214,03,KE,20220701185507,20220701185344,20220630233959,20220701185344,3
806,KE000223,01,KE,20220701185507,20220701185458,20220628202623,20220701185458,3
807,KE000236,01,KE,20220701185510,20220701184549,20220701171105,20220701184549,3
808,KE000342,03,KE,20220701185508,20220701184550,20220701112313,20220701184550,3
809,KE000394,01,KE,20220701185506,20220701150422,20220701185335,20220701150422,2
810,KE000444,03,KE,20220701185506,20220701184510,20220701161716,20220701184510,3
811,KE000465,03,KE,20220701185505,20220701130239,20220701144137,20220701185001,2
812,KE000480,01,KE,20220701185511,20220701184615,20220701093301,20220701184615,3
813,KE000500,02,KE,20220701185510,20220701164141,20220701184505,20220701164141,2
814,KE000558,01,KE,20220701185506,20220701185251,20220629002218,20220701185251,3
815,KE000592,01,KE,20220701185508,20220701184506,20220701164925,20220701184506,3
816,KE000596,02,KE,20220701185505,20220701185134,20220701164005,20220701185134,3
817,KE000600,01,KE,20220701185510,20220701185453,20220701011856,20220701185453,3
818,KE000612,02,KE,20220701185509,20220701162920,20220701183817,20220701162920,2
819,KL001107,02,KL,20220701185403,20220701142840,20220701185208,20220701142840,2
820,KL001108,02,KL,20220701185602,20201031211901,20201101020415,20201031211901,3
821,KL001111,01,KL,20220701185603,20220701185539,19700101090000,20220629175215,3
822,KL001178,06,KL,20220701185401,20220701171748,20220701184819,20220701171748,2
823,KL001239,01,KL,20220701185603,20220701185554,19700101090000,20220630111340,3
824,KL001263,02,KL,20220701185401,20220630185748,20220630211418,20220701185153,3
825,KL001305,01,KL,20220701185601,20220630181150,20220630200740,20220701185436,3
826,KL001426,02,KL,20220701185403,20220628184307,20220628213542,20220701185145,3
827,KL001438,01,KL,20220701185402,20220701185151,19700101090000,20220701185151,3
828,KL001511,01,KL,20220701185403,20220630193541,20220630225057,20220701185254,3
829,KL001535,01,KL,20220701185602,20220630210805,20220630231555,20220701185417,3
830,KL001816,04,KL,20220701185401,20220701175152,20220701185352,20220701175152,2
831,KL001869,01,KL,20220701185402,20220629141525,20220629150448,20220629141525,3
832,KL001869,02,KL,20220701185402,20201207133947,20201207134308,20201207133947,3
833,KL001961,01,KL,20220701185602,20220623195212,20220623203600,20220623195212,1
834,KL001961,02,KL,20220701185602,20220624190729,20220625001738,20220624190729,1
835,KL002000,02,KL,20220701185602,20220701185349,19700101090000,20220701185349,3
836,KL002002,01,KL,20220701185403,20220701113335,20220701132349,20220701185219,3
837,KL002003,02,KL,20220701185604,20220701185313,19700101090000,20220701185313,3
838,KL002026,02,KL,20220701185601,20220701144122,20220701181133,20220701185402,3
839,KL002124,05,KL,20220701185402,20220630180623,20220630220152,20220701185211,3
840,KL002250,02,KL,20220701185402,20220701062947,20220701100521,,2
841,KP000039,01,KP,20220701185401,20220701175947,20220701185156,20220701185328,3
842,KP000046,09,KP,20220701185403,20220701155008,20220701185331,20220701155008,2
843,KP000120,13,KP,20220701185608,20220701154308,20220701172001,20220701154308,3
844,KP000120,16,KP,20220701185608,20220701180346,20220701180846,20220701182808,3
845,KP000120,20,KP,20220701185608,20220701010345,20220701073001,20220701010345,3
846,KP000155,06,KP,20220701185401,20220701172923,20220701185338,20220701172923,2
847,KP000160,01,KP,20220701185613,20220701171908,20220701181925,20220701185337,3
848,KP000194,05,KP,20220701185304,20220701180658,20220701184712,20220701185259,3
849,KP000194,09,KP,20220701185304,20220625220825,20220626044705,20220625220825,2
850,KP000196,04,KP,20220701185404,20220701182705,20220701185226,20220701182705,2
851,KP000196,07,KP,20220701185612,20220630174316,20220630212500,20220701185255,3
852,KP000197,01,KP,20220701185702,20220701183121,20220701185542,20220701183121,2
853,KP000224,01,KP,20220701185701,20220701163258,20220701165106,20220701185608,3
854,KP000232,01,KP,20220701185703,20220701183846,20220701185654,20220701183846,2
855,KP000235,01,KP,20220701185301,20220701183847,20220701185159,20220701183847,2
856,KP000237,03,KP,20220701185611,20220701112817,20220701121501,20220701112817,3
857,KP000238,03,KP,20220701185302,20220701180844,20220701185125,20220701180844,2
858,KP000239,01,KP,20220701185403,20220701183636,20220701185309,20220701183636,2
859,KP000246,01,KP,20220701185302,20220701170752,20220701183118,20220701185239,3
860,KP000264,01,KP,20220701185611,20220701155241,20220701161644,20220701185531,3
861,KP000283,01,KP,20220701185402,20220701132528,20220701134712,20220701132528,2
862,KP000298,09,KP,20220701185701,20220701163712,20220701185601,20220701163712,2
863,KP000306,02,KP,20220701185304,20220701154045,20220701185210,20220701154045,2
864,KP000375,01,KP,20220701185611,20220701134053,20220701141000,20220701185532,3
865,KP000393,01,KP,20220701185304,20220701174636,20220701184422,20220701185218,3
866,KP000446,02,KP,20220701185605,20220701183259,20220701184953,20220701183259,2
867,KP000451,04,KP,20220701185404,20220701151251,20220701185346,20220701151251,2
868,KP000512,03,KP,20220701185304,20220701183213,20220701185213,20220701183213,2
869,KP000542,02,KP,20220701185303,20220630173804,20220630201252,20220701165612,2
870,KP000543,05,KP,20220701185602,20220630175732,20220701000618,20220701185456,3
871,KP000569,04,KP,20220701185606,20220630203458,20220701071447,20220701185423,3
872,KP000598,01,KP,20220701185612,20220630231836,20220701011721,20220701185558,3
873,KP000626,04,KP,20220701185703,20220701180308,20220701185628,20220701180308,2
874,KP000639,02,KP,20220701185604,20220701154241,20220701185158,20220701083732,2
875,KP000640,02,KP,20220701185310,20220630184642,20220701083021,20220701174937,9
876,KP000640,04,KP,20220701185310,20220630164522,20220701050456,20220630164522,9
877,KP000727,02,KP,20220701185301,20220701130936,20220701160001,20220701130936,2
878,KP000745,02,KP,20220701185606,20220701113816,20220701143054,20220701185434,3
879,KP000785,03,KP,20220701185613,20220701115330,20220701150041,20220701185155,3
880,KP000803,01,KP,20220701185606,20220629164449,20220629180133,20220701185557,3
881,KP000844,01,KP,20220701185612,20220701182535,20220701185349,20220701182535,2
882,KP000871,01,KP,20220701185501,20220628125450,20220628130412,20220619055906,2
883,KP000871,02,KP,20220701185301,20220629151011,20220629160125,20220626171713,2
884,KP000894,02,KP,20220701185702,20220701154559,20220701170002,20220701154559,2
885,KP000926,03,KP,20220701185503,20220701185226,20220701185249,20220701185226,2
886,KP001038,04,KP,20220701185612,20220701161007,20220701184253,20220701185328,3
887,KP001042,02,KP,20220701185608,20220630230222,20220701072343,20220701185125,3
888,KP001054,01,KP,20220701185602,20220701180728,20220701185526,20220701180728,2
889,KP001065,03,KP,20220701185610,20220630185950,20220630215144,20220701185213,3
890,KP001097,01,KP,20220701185504,20220630205243,20220630224423,20220701184811,3
891,KP001153,02,KP,20220701185613,20220628184244,20220628205604,20220701185203,3
892,KP001195,01,KP,20220701185404,20220701182636,20220701184854,20220701182636,2
893,KP001236,02,KP,20220701185603,20220629223506,20220630070429,20220701185454,3
894,KP001267,01,KP,20220701185609,20220701162106,20220701172345,20220701185319,3
895,KP001300,02,KP,20220701185501,20220701172108,20220701185452,20220701172108,2
896,KP001490,04,KP,20220701185605,20220628191642,20220629084027,20220701185009,3
897,KP001549,02,KP,20220701185403,20220630093555,20220630093646,20220701185338,3
898,KP001568,03,KP,20220701185405,20220629180854,20220630035028,20220701185325,3
899,KP001608,04,KP,20220701185608,20220630185504,20220701005501,20220701185426,3
900,KP001621,02,KP,20220701185613,20220630184536,20220630231501,20220701185426,3
901,KP001657,03,KP,20220701185609,20220629234111,20220630021501,20220701185437,3
902,KP001666,01,KP,20220701185612,20220630181952,20220630184858,20220701184703,3
903,KP001667,02,KP,20220701185601,20220629122731,20220630085604,20220701185117,3
904,KP001678,02,KP,20220701185607,20220626220011,20220626220020,20220701185432,3
905,KP001703,02,KP,20220701185304,20220701172415,20220701183802,20220701185205,3
906,KP001744,01,KP,20220701185401,20220701183547,20220701185229,20220701183547,2
907,KP001752,04,KP,20220701185607,20220630200620,20220701030501,20220701185252,3
908,KP001763,01,KP,20220701185405,20220701182025,20220701185309,20220701182025,2
909,KP001857,03,KP,20220701185701,20220701181255,20220701185644,20220701181255,2
910,KP001862,03,KP,20220701185603,20220701074537,20220701091616,20220701185104,3
911,KP001959,02,KP,20220701185601,20220701122301,20220701133543,20220701161841,3
912,KP001993,02,KP,20220701185310,20220626160047,20220626225606,20220701071608,9
913,KP001993,03,KP,20220701185310,20220701124855,20220701133909,20220701154748,9
914,KP002027,01,KP,20220701185603,20220701181716,20220701185502,20220701181716,2
915,KP002030,01,KP,20220701185405,20220701180847,20220701181550,20220701185326,3
916,KP002042,01,KP,20220701185403,20220701182433,20220701185321,20220701182433,2
917,KP002076,01,KP,20220701185401,20220701174651,20220701180737,20220701185312,3
918,KP002110,01,KP,20220701185301,20220701183418,20220701185250,20220701183418,2
919,KP002147,01,KP,20220701185301,20220701144735,20220701153117,20220701185230,3
920,KP002160,02,KP,20220701185504,20220701182221,20220701185313,20220701182221,2
921,KP002180,01,KP,20220701185406,20220701182310,20220701185220,20220701182310,2
922,KP002229,10,KP,20220701185704,20220701120828,20220701174001,20220701120828,2
923,KP002229,11,KP,20220701185704,20220701171019,20220701185359,20220701171019,2
924,KP002229,12,KP,20220701185604,20220629112317,20220629170501,20220629112317,3
925,KP002267,01,KP,20220701185304,20220701144916,20220701154923,20220701185224,3
926,KP002341,01,KP,20220701185605,20220630190652,20220630200658,20220701185536,3
927,KP002354,03,KP,20220701185607,20220630232822,20220701042519,20220701185417,3
928,KP002399,01,KP,20220701185611,20220701170755,20220701180801,20220701185557,3
929,KP002513,04,KP,20220701185501,20220701173303,20220701183310,20220701185419,3
930,KP002551,01,KP,20220701185401,20220701175828,20220701185031,20220701185341,3
931,KP002553,04,KP,20220701185704,20220701164603,20220701173506,20220701185633,3
932,KP002667,01,KP,20220701185502,20220701122314,20220701130858,20220701185437,3
933,KP002671,01,KP,20220701185403,20220701012528,20220701030736,20220701185334,3
934,KP002743,01,KP,20220701185701,20220701180111,20220701185612,20220701180111,2
935,KP002766,03,KP,20220701185606,20220630225616,20220701041859,20220701185342,3
936,KP002773,02,KP,20220701185612,20220630164348,20220701002040,20220701185228,3
937,KP002839,01,KP,20220701185606,20220701121653,20220701130546,20220701185554,3
938,KP003023,01,KP,20220701185701,20220701134748,20220701152141,20220701185635,3
939,KP003076,01,KP,20220701185701,20220629185115,20220629185416,20220701162655,2
940,KP003086,01,KP,20220701185703,20220701180005,20220701185415,20220701180005,2
941,KP003097,01,KP,20220701185703,20220701183725,20220701185533,20220701183725,2
942,KP003123,01,KP,20220701185612,20220701144214,20220701150654,20220701185539,3
943,KP003123,02,KP,20220701185612,20220701124047,20220701130651,20220701185230,3
944,KP003133,02,KP,20220701185701,20220701151314,20220701154846,20220701185652,3
945,KP003154,01,KP,20220701185608,20220701182225,20220701185538,20220701182225,2
946,KP003227,02,KP,20220701185606,20220630195603,20220701053603,20220701185216,3
947,KP003252,03,KP,20220701185701,20220625134346,20220626105751,20220701185614,3
948,KP003260,01,KP,20220701185303,20220701181710,20220701185205,20220701181710,2
949,KP003263,01,KP,20220701185301,20220701185033,20220701185134,20220701185242,3
950,KP003268,01,KP,20220701185303,20220701182413,20220701184633,20220701185213,3
951,KP003278,01,KP,20220701185701,20220701131314,20220701135218,20220701185650,3
952,KP003306,04,KP,20220701185504,20220701172842,20220701184953,20220701172842,2
953,KP003326,01,KP,20220701185506,20220629222222,20220630051343,20220701185433,3
954,KP003353,01,KP,20220701185301,20220701175602,20220701185244,20220701175602,2
955,KP003362,02,KP,20220701185609,20220701170933,20220701185335,20220701170933,2
956,KP003397,01,KP,20220701185304,20220701162519,20220701171623,20220701185238,3
957,KP003435,01,KP,20220701185608,20220701175217,20220701185056,20220701175217,2
958,KP003443,01,KP,20220701185604,20220701140038,20220701162237,20220701185523,3
959,KP003475,07,KP,20220701185602,20220701121349,20220701125456,20220701185516,3
960,KP003531,02,KP,20220701185501,20220701173214,20220701182220,20220701185424,3
961,KP003608,09,KP,20220701185701,20220701143523,20220701185632,20220701143523,2
962,KP003613,01,KP,20220701185603,20220701123524,20220701183606,20220701160407,3
963,KP003632,01,KP,20220701185702,20220630214152,20220701081049,20220701185543,2
964,KP003658,01,KP,20220701185405,20220701174712,20220701184855,20220701174712,2
965,KP003660,01,KP,20220701185605,20220701101315,20220701121037,20220701185011,3
966,KP003668,01,KP,20220701185611,20220627205026,20220628063834,20220701164848,3
967,KP003672,01,KP,20220701185612,20220630163256,20220701042458,20220701135418,3
968,KP003673,01,KP,20220701185607,20220701095141,20220701095602,20220701183051,3
969,KP003676,01,KP,20220701185703,20220701054959,20220701072637,20220627211001,5
970,KP003940,02,KP,20220701185405,20220630224430,20220701041148,20220701185337,3
971,KP003987,02,KP,20220701185701,20220701170529,20220701185628,20220701170529,2
972,KP003992,02,KP,20220701185609,20220630190849,20220630212432,20220701185551,3
973,KP003997,02,KP,20220701185404,20220701140817,20220701152039,20220701185302,3
974,KP004079,04,KP,20220701185703,20220701175412,20220701185423,20220701175412,2
975,KP004260,01,KP,20220701185505,20220630193307,20220701012907,20220701185401,3
976,KP004281,01,KP,20220701185611,20220701182004,20220701184933,20220701181606,3
977,KP004294,02,KP,20220701185703,20220626090124,20220626091730,20220701181651,2
978,KP004296,01,KP,20220701185609,20220701135847,20220701140332,20220701154341,3
979,KP004299,01,KP,20220701185602,20220701161329,20220701163145,20220701182606,3
980,KP004401,02,KP,20220701185608,20220617122302,20220617122441,20220630145803,3
981,KP004403,01,KP,20220701185703,20220701174852,20220701180900,20220701173310,2
982,KP004448,03,KP,20220701185605,20220701173428,20220701180121,20220701185143,3
983,KP004455,01,KP,20220701185505,20220701180703,20220701185418,20220701180703,2
984,KP004465,01,KP,20220701185607,20220701174550,20220701184603,20220701174550,2
985,KP004474,01,KP,20220701185613,20220701180424,20220701185522,20220701180424,2
986,KP004482,01,KP,20220701185302,20220701171829,20220701180203,20220701171829,2
987,KP004484,02,KP,20220701185702,20220520102830,20220520102842,20220701173905,2
988,KP004485,01,KP,20220701185704,20220701110629,20220701115924,20220701153312,2
989,KP004517,01,KP,20220701185703,20220701134425,20220701140846,20220701185619,3
990,KP004521,01,KP,20220701185603,20220701172657,20220701182714,20220701185147,3
991,KP004562,01,KP,20220701185605,20220630155811,20220630155918,20220701184711,5
992,KP004563,02,KP,20220701185704,20220701123147,20220701133439,20220701123147,2
993,KP004569,01,KP,20220701185701,20220701175954,20220701183826,20220701185457,3
994,KP004574,01,KP,20220701185602,20220701105543,20220701111432,20220701185557,3
995,KP004594,01,KP,20220701185504,20220701185233,20220701185347,20220701185233,3
996,MO281801,05,MO,20220701185617,20220630091054,20220630113654,20220701162518,2
997,MO302001,01,MO,20220701185617,20220630184253,20220630233253,20220701185505,3
998,MO411901,04,MO,20220701185716,20220625122024,20220625123951,20220625122024,9
999,MO413902,09,MO,20220701185316,20220701000517,20220701040914,20220701185241,3
1000,MO415909,05,,20220701185617,20220701185219,20220701185233,20220701185219,3
1001,MO431103,01,,20220701185516,20220616071330,20220616092115,20220616071330,9
1002,MTSKGA02,02,,20220701185500,20220701124629,20220701140700,20220701185400,3
1003,NT100003,01,,20220701185351,,,,2
1004,NT100003,04,,20220701185351,,,,1
1005,NT100003,21,,20220701185552,,,,1
1006,NT100008,02,,20220701185351,,,,1
1007,NT100018,15,,20220701185650,,,,1
1008,NT100019,21,,20220701185651,,,,1
1009,NT100022,05,,20220701185651,,,,3
1010,NT100046,01,,20220701185551,,,,1
1011,NT100059,03,,20220701185650,,,,1
1012,NT100096,01,,20220701185551,,,,1
1013,NT100099,02,,20220701185650,,,,3
1014,NT100099,07,,20220701185650,,,,2
1015,NT100101,02,,20220701185650,,,,1
1016,NT100122,02,,20220701185552,,,,1
1017,NT100141,03,,20220701185551,,,,1
1018,NT100154,05,,20220701185451,,,,2
1019,PI000019,02,,20220701185328,20220614155952,20220614203159,20220614155952,3
1020,PI000020,01,,20220701185621,20220630203925,20220615194817,20220630203925,3
1021,PI000040,02,,20220701185333,20220615162830,20220615180618,20220615162830,3
1022,PI000041,01,,20220701185653,20220616110049,20220616090338,20220616110049,3
1023,PI000052,01,,20220701185649,20220615171638,20220615180948,20220615171638,3
1024,PI000065,03,,20220701185651,20220701110915,20220606190522,20220701110915,3
1025,PI000073,02,,20220701185649,20220615135236,20220615192817,20220615135236,2
1026,PI000075,05,,20220701185332,20220630145221,20220629141039,20220630145221,3
1027,PI000171,01,,20220701185323,20220620182543,20220616121057,20220620182543,3
1028,PI000217,02,,20220701185311,20220622142919,20220615090323,20220622142919,2
1029,PI000233,01,,20220701185628,20220630133949,20220616132911,20220630133949,2
1030,PI000238,01,,20220701185635,20220615180649,20220616084447,20220615180649,2
1031,PI000250,03,,20220701185623,20220628161701,20220629091448,20220628161701,2
1032,PI000279,01,,20220701185632,20220511152516,20220511152518,20220121144034,2
1033,PI000322,01,,20220701185618,20220620163743,20220620165648,20220620163743,3
1034,PI000344,01,,20220701185332,20220618105225,20220615132528,20220618105225,3
1035,PI000353,01,,20220701185334,20220620114834,20220620184736,20220620114834,3
1036,PI000506,01,,20220701185330,20220608144001,20220608144829,20220608144001,2
1037,PI000538,01,,20220701185330,20220625175707,20220625210238,20220625175707,3
1038,PI000576,02,,20220701185336,20220701012314,20220701015209,20220701012314,3
1039,PI000577,03,,20220701185654,20220630233614,20220701003100,20220630233614,2
1040,PI000586,06,,20220701185652,20220626165712,20220626192822,20220626165712,3
1041,PI000590,01,,20220701185307,20220625114505,20220625125634,20220625114505,3
1042,PI000657,03,,20220701185645,20220616143315,20220616222428,20220616143315,2
1043,PI000688,01,,20220701185629,20220701085148,20220701104904,20220701185554,3
1044,PI000712,01,,20220701185640,20220628210848,20220629054538,20220628210848,3
1045,PI000730,01,,20220701185336,20220629125150,20220628203158,20220629125150,2
1046,PI000824,02,,20220701185315,20220701104401,20220701111916,20220701185100,3
1047,PI000915,03,,20220701185622,20220616064209,20220616132528,20220616064209,2
1048,PI121458,02,,20220701185305,20220701151500,20220630173130,20220701151500,2
1049,PI121459,01,,20220701185623,20220701161806,20220701185424,20220701161806,2
1050,PI121476,09,,20220701185647,20220701172459,20220627184855,20220701172459,2
1051,PI121611,01,,20220701185318,20220615165000,20220615165210,,9
1052,PI121611,03,,20220701185635,20211208104220,20211208104358,20211208102556,9
1053,PI121611,04,,20220701185635,20220701080451,20220630132035,20220701080451,9
1054,PI121612,02,,20220701185320,20220701184755,20220628203102,20220701184755,3
1055,PI121634,01,,20220701185319,20220701184804,20220625194917,20220701184804,3
1056,PI121980,02,,20220701185326,20220701164457,20220701175203,20220701164457,9
1057,PI121999,01,,20220701185335,20220701184708,20220701095709,20220701184708,3
1058,PI122035,01,,20220701185654,20220701120100,20220701185534,20220701120100,2
1059,PI122312,05,,20220701185322,20220701184837,20220701084413,20220701184837,3
1060,PI122314,03,,20220701185643,20220701173646,20220701180656,20220701185543,3
1061,PI122386,08,,20220701185323,20220630232053,20220701124544,20220630005241,9
1062,PI122398,02,,20220701185646,20220630150008,20220701135108,20220630150008,9
1063,PI200330,06,,20220701185626,20220629064753,20220629193004,20220629064753,1
1064,PI200337,06,,20220701185305,20220630005847,20220629060733,20220701185226,3
1065,PI200341,01,,20220701185313,20220701173306,20220701185208,20220701173306,2
1066,PI200341,12,,20220701185630,20220625212446,20220625214948,20220701185429,3
1067,PI200362,03,,20220701185656,20220616130310,20220616081339,20220616130310,2
1068,PI200365,07,,20220701185303,20220625144942,20220616055831,20220625144942,3
1069,PI200373,03,,20220701185336,20220606182735,20220606103535,20220606182735,2
1070,PI200400,07,,20220701185329,20220621000422,20220615212035,20220621000422,2
1071,PI200401,05,,20220701185336,20220701080501,20220701150531,20220701080501,2
1072,PI200410,04,,20220701185644,20220602202655,20220603095628,20220602202655,3
1073,PI200812,12,,20220701185637,20220604123046,20220604124759,20220604123046,3
1074,PI200816,11,,20220701185644,20220607092419,20220607094709,20220607092419,2
1075,PI200899,07,,20220701185639,20220629064545,20220629093821,20220629064545,3
1076,PI202042,06,,20220701185624,20220701181737,20220701185247,20220701181737,2
1077,PI202129,02,,20220701185309,20220630012544,20220604225504,20220701185044,3
1078,PI202136,03,,20220701185317,20220701155609,20220701182855,20220701185142,3
1079,PI202142,02,,20220701185649,20220701170540,20220627152147,20220701170540,2
1080,PI202154,02,,20220701185652,20220701095313,20220701100532,20220701185540,3
1081,PI202157,01,,20220701185330,20220629201911,20220627183327,20220701185216,3
1082,PI202188,03,,20220701185655,20220701185237,20220629134305,20220701185237,3
1083,PI202262,02,,20220701185644,20220701171832,20220701155539,20220701171832,2
1084,PI202270,03,,20220701185639,20220630190506,20220617200305,20220701185522,3
1085,PI202310,02,,20220701185655,20220701155331,20220701153935,20220701155331,2
1086,PI202315,02,,20220701185325,20220630182710,20220630182703,20220701185215,3
1087,PI202354,03,,20220701185633,20220630180329,20220624225707,20220701185508,3
1088,PI202434,02,,20220701185315,20220701181719,20220629173932,20220701181719,2
1089,PI202452,04,,20220701185618,20220628180236,20220629070329,20220628180236,3
1090,PI202469,02,,20220701185627,20220701160427,20220701133454,20220701185512,3
1091,PI202498,01,,20220701185323,20220701184700,20220625235849,20220701184700,3
1092,PI202500,01,,20220701185313,20220701162838,20220630102535,20220701162838,2
1093,PI202552,05,,20220701185652,20220630172319,20220628191541,20220701185329,3
1094,PI202726,21,,20220701185639,20220701153854,20220627162412,20220701153854,2
1095,PI202727,21,,20220701185320,20220701164237,20220629171318,20220701164237,2
1096,PI202727,31,,20220701185637,20220630181333,20220610103436,20220701185547,3
1097,PI202734,31,,20220701185309,20220629172923,20220617164150,20220701185157,3
1098,PI202757,02,,20220701185326,20220701122212,20220701184627,20220701122212,2
1099,PI202770,32,,20220701185616,20220701175848,20220701185409,20220701175848,2
1100,PI202771,01,,20220701185301,20220701143953,20220701183329,20220701185004,3
1101,PI202795,11,,20220701185620,20220701143105,20220701142933,20220701143105,2
1102,PI202832,03,,20220701185304,20220630192612,20220625221020,20220701185032,3
1103,PI202866,11,,20220701185636,20220701164413,20220617130404,20220701164413,2
1104,PI202880,03,,20220701185334,20220701074511,20220701074347,20220630180905,2
1105,PI202910,22,,20220701185649,20220701164516,20220625094848,20220701164516,2
1106,PI202933,11,,20220701185318,20220701174935,20220630162254,20220701174935,2
1107,PI202951,11,,20220701185626,20220630180234,20220623213724,20220701185507,3
1108,PI202986,01,,20220701185641,20220701184940,20220627155914,20220701184940,3
1109,PI203002,02,,20220701185311,20220701132916,20220701185121,20220701132916,2
1110,PI203015,01,,20220701185626,20220629181256,20220629183611,20220701185314,3
1111,PI203046,01,,20220701185644,20220701152518,20220701164451,20220701152518,9
1112,PI203086,01,,20220701185626,20220701150143,20220701185152,20220701150143,2
1113,PI203091,01,,20220701185653,20220701185217,20220701125308,20220701185326,3
1114,PI203119,01,,20220701185643,20220701185043,20220628082525,20220701185043,3
1115,PI203120,04,,20220701185615,20220701185106,20220628093723,20220701185106,3
1116,PI306057,03,,20220701185314,20220630021357,20220628122839,20220701185143,3
1117,PI306064,02,,20220701185328,20220701172334,20220701181541,20220701185049,3
1118,PI306064,03,,20220701185328,20220701184738,20220629055315,20220701184738,3
1119,PI306084,01,,20220701185641,20220628072418,20220622195101,20220628072418,2
1120,PI306096,02,,20220701185327,20220701184655,20220607201549,20220701184655,3
1121,PI306139,03,,20220701185616,20220701184934,20220630133635,20220701184934,3
1122,PI306159,04,,20220701185305,20220606195625,20220607093557,20220606195625,3
1123,PI306175,05,,20220701185634,20220701165007,20220701165414,20220701185308,3
1124,PI306203,05,,20220701185335,20220629154608,20220622212359,20220701185109,3
1125,PI306248,03,,20220701185311,20220701184815,20220630222536,20220701184815,3
1126,PI312366,01,,20220701185622,20220701171701,20220701173509,20220701185323,3
1127,PI312401,02,,20220701185310,20220630182031,20220630205714,20220630182031,2
1128,PI312450,09,,20220701185305,20220625195548,20220627084959,20220625195548,3
1129,PI312461,02,,20220701185305,20220701111240,20220629124807,20220701111240,2
1130,PI312489,03,,20220701185309,20220624151142,20220614125152,20220624151142,2
1131,PI312530,04,,20220701185653,20220629081018,20220629085137,20220629081018,3
1132,PI313077,01,,20220701185333,20220628221411,20220606131540,20220628221411,3
1133,PI313086,03,,20220701185646,20220607011908,20220606052015,20220607011908,3
1134,PI313177,04,,20220701185326,20220629143909,20220629133150,20220629143909,3
1135,PI320166,02,,20220701185647,20220625233029,20220607072140,20220625233029,3
1136,PI320166,04,,20220701185647,20220611234100,20220606100047,20220611234100,3
1137,PI320171,01,,20220701185310,20211213162545,20211213162836,20211213162545,2
1138,PI320181,13,,20220701185308,20220628141756,20220629072609,20220628141756,3
1139,PI320184,04,,20220701185313,20220628191548,20220629081026,20220628191548,3
1140,PI410010,01,,20220701185321,20220628230356,20220629122529,20220628230356,3
1141,PI420030,03,,20220701185325,20220629185026,20220630080208,20220701185248,3
1142,PI420032,04,,20220701185651,20220628210753,20220629074422,20220701185349,3
1143,PI420164,07,,20220701185616,20220509095942,20220509100120,20220509095942,2
1144,PI430120,03,,20220701185327,20220628210740,20220629054740,20220628210740,3
1145,PI430129,02,,20220701185630,20220629223123,20220628081313,20220629223123,2
1146,PI430146,03,,20220701185331,20220629115910,20220629133758,20220629115910,3
1147,PI530042,02,,20220701185630,20220628181716,20220628063824,20220628181716,3
1148,PI530091,02,,20220701185643,20220616140150,20220616121127,20220616140150,3
1149,PI540071,02,,20220701185321,20220628200447,20220629080139,20220628200447,3
1150,PI540092,04,,20220701185332,20220626154127,20220627080514,20220626154127,3
1151,PI540092,06,,20220701185332,20220628223525,20220629080455,20220628223525,3
1152,PI550403,01,,20220701185333,20220628160526,20220628122417,20220628160526,3
1153,PI620155,01,,20220701185325,20220628213847,20220629080312,20220628213847,2
1154,PI630021,02,,20220701185615,20220630185808,20220701082152,20220630185808,3
1155,PI640316,01,,20220701185329,20220701184852,20220606213121,20220701184852,2
1156,PI640316,03,,20220701185329,20220622131154,20220607091312,20220622131154,3
1157,PI640317,05,,20220701185649,20220607085103,20220607074326,20220607085103,1
1158,PI640323,02,,20220701185652,20220330122340,20220330122318,,2
1159,RE000020,03,,20220701185600,20220630182751,20220701000642,20220701185455,3
1160,RE000021,02,,20220701185600,20220701185354,19700101090000,20220701185354,3
1161,SE000017,03,,20220701185337,20220701182428,20220701185207,20220701182428,2
1162,SE000018,01,,20220701185337,20220701185206,20220701163214,20220701185206,3
1163,SJ210504,01,,20220701185608,20220623091053,20220623091913,,3
1164,SM000266,01,,20220701185600,20220630191142,20220701003209,20220701185431,3
1165,SS000160,01,,20220701185600,20220629184725,20220629235249,20220701185429,3
1166,ST112003,11,,20220701185559,20220621153703,20220624161728,20220701185313,3
1167,ST113801,04,,20220701185600,20220622131321,20220625132813,20220629191642,2
1168,ST114701,01,,20220701185600,20220220084635,20220220113321,20220220114539,3
1169,ST267104,08,,20220701185557,20220621193833,20220701042131,20220621193833,3
1170,ST267105,01,,20220701185557,20220627165023,20220629094349,20220627165023,2
1171,ST267105,06,,20220701185557,20220613173648,20220615115035,20220627175845,3
1172,ST267109,04,,20220701185601,20220210181755,20220210182100,20220211020935,2
1173,ST267112,09,,20220701185555,20220219215745,20220614174831,20220622171819,3
1174,ST267115,03,,20220701185601,20220221153756,20220619184627,20220701163208,2
1175,ST271401,01,,20220701185554,20220220101234,20220614103800,20220629111035,3
1176,ST271401,02,,20220701185554,20220630180656,20220630215751,20220630180656,4
1177,ST272306,01,,20220701185555,20220216084852,20220216110452,20220218163613,3
1178,ST291712,02,,20220701185600,20220620170113,20220630062546,20220620170113,2
1179,ST311401,02,,20220701185553,20220624173251,20220627150407,20220701171230,2
1180,ST311401,03,,20220701185553,20220625121647,20220625175924,20220629210221,2
1181,ST311401,04,,20220701185553,20220628204648,20220629123249,20220701170315,3
1182,ST317110,01,,20220701185600,20220617092516,20220620164410,20220630170009,3
1183,ST411105,01,,20220701185600,20220625092558,20220627172713,20220701185314,3
1184,ST411105,04,,20220701185600,20220629190540,20220630013016,20220629190540,3
1185,ST411125,01,,20220701185557,20220701052657,20220701170238,20220630132804,3
1186,ST411132,02,,20220701185600,20220701141033,20220701143608,20220701141033,3
1187,ST411136,04,,20220701185555,20220701134939,20220701142602,20220701134939,3
1188,ST411501,03,,20220701185600,20220625222413,20220626154508,20220628103202,2
1189,ST411908,01,,20220701185555,20220627155007,20220627172742,20220701180020,2
1190,ST411912,01,,20220701185553,20220630113306,20220630215723,20220701165002,3
1191,ST411920,04,,20220701185601,,,,2
1192,ST412103,07,,20220701185553,20220219191546,20220219203049,20220219191546,2
1193,ST412201,01,,20220701185557,20220625071933,20220626132152,20220625071933,2
1194,ST412212,02,,20220701185554,20220626122611,20220629112525,20220630184740,3
1195,ST412813,04,,20220701185555,20220616151404,20220616204121,20220630191930,3
1196,ST413604,01,,20220701185554,20220628162150,20220629192655,20220628162150,2
1197,ST414502,01,,20220701185600,20220626131526,20220626150819,20220701151109,3
1198,ST414604,10,,20220701185555,20220623200103,20220627150939,20220701183110,2
1199,ST415005,01,,20220701185555,20220630164130,20220701062334,20220630164130,2
1200,ST415005,02,,20220701185555,20220630155915,20220630222244,20220701140034,2
1201,ST415507,01,,20220701185555,20220622050242,20220622112505,20220701132905,3
1202,ST472804,02,,20220701185600,20220212091539,20220212095335,20220212091539,2
1203,ST481222,02,,20220701185558,,,20220616085020,2
1204,ST501115,01,,20220701185557,20220630110131,20220630164511,20220630224212,2
1205,ST501123,02,,20220701185559,20220221130654,20220221152455,20220624055612,2
1206,ST501133,01,,20220701185554,20220630172649,20220630181921,20220701171905,2
1207,ST501301,06,,20220701185554,20220627204430,20220629154826,20220630162316,2
1208,ST501301,11,,20220701185554,20220622183052,20220623220036,20220629175811,3
1209,US200401,01,,20220701185623,20220701181557,20220701185557,,2
1210,US200404,01,,20220701185603,20220701184328,20220701185602,,2
